
00 00 00 00 00 00 00 00 00 00 00 00 00 00 00 00 number of ASCII=0000, x=01, y=01 cx=1
00 00 00 00 00 00 00 00 00 00 00 00 00 00 00 00 number of ASCII=0001, x=02, y=01 cx=2 used @[0000]
00 00 00 00 00 00 00 00 00 00 00 00 00 00 00 00 number of ASCII=0001, x=03, y=01 cx=3 used @[0000]
00 00 00 00 00 00 00 00 00 00 00 00 00 00 00 00 number of ASCII=0001, x=04, y=01 cx=4 used @[0000]
00 00 00 00 00 00 00 00 00 00 00 00 00 00 00 00 number of ASCII=0001, x=05, y=01 cx=5 used @[0000]
00 00 00 00 00 00 00 00 00 00 00 00 00 00 00 00 number of ASCII=0001, x=06, y=01 cx=6 used @[0000]
00 00 00 00 00 00 00 00 00 00 00 00 00 00 00 00 number of ASCII=0001, x=07, y=01 cx=7 used @[0000]
00 00 00 00 00 00 00 00 00 00 00 00 00 00 00 00 number of ASCII=0001, x=08, y=01 cx=8 used @[0000]
00 00 00 00 00 00 00 00 00 00 00 00 00 00 00 00 number of ASCII=0001, x=09, y=01 cx=9 used @[0000]
00 00 00 00 00 00 00 00 00 00 00 00 00 00 00 00 number of ASCII=0001, x=10, y=01 cx=10 used @[0000]
00 00 00 00 00 00 00 00 00 00 00 00 00 00 00 00 number of ASCII=0001, x=11, y=01 cx=11 used @[0000]
00 00 00 00 00 00 00 00 00 00 00 00 00 00 00 00 number of ASCII=0001, x=12, y=01 cx=12 used @[0000]
00 00 00 00 00 00 00 00 00 00 00 00 00 00 00 00 number of ASCII=0001, x=13, y=01 cx=13 used @[0000]
00 00 00 00 00 00 00 00 00 00 00 00 00 00 00 00 number of ASCII=0001, x=14, y=01 cx=14 used @[0000]
00 00 00 00 00 00 00 00 00 00 00 00 00 00 00 00 number of ASCII=0001, x=15, y=01 cx=15 used @[0000]
00 00 00 00 00 00 00 00 00 00 00 00 00 00 00 00 number of ASCII=0001, x=16, y=01 cx=16 used @[0000]
00 00 00 00 00 00 00 00 00 00 00 00 00 00 00 00 number of ASCII=0001, x=17, y=01 cx=17 used @[0000]
00 00 00 00 00 00 00 00 00 00 00 00 00 00 00 00 number of ASCII=0001, x=18, y=01 cx=18 used @[0000]
00 00 00 00 00 00 00 00 00 00 00 00 00 00 00 00 number of ASCII=0001, x=19, y=01 cx=19 used @[0000]
00 00 00 00 00 00 00 00 00 00 00 00 00 00 00 00 number of ASCII=0001, x=20, y=01 cx=20 used @[0000]
00 00 00 00 00 00 00 00 00 00 00 00 00 00 00 00 number of ASCII=0001, x=21, y=01 cx=21 used @[0000]
00 00 00 00 00 00 00 00 00 00 00 00 00 00 00 00 number of ASCII=0001, x=22, y=01 cx=22 used @[0000]
00 00 00 00 00 00 00 00 00 00 00 00 00 00 00 00 number of ASCII=0001, x=23, y=01 cx=23 used @[0000]
00 00 00 00 00 00 00 00 00 00 00 00 00 00 00 00 number of ASCII=0001, x=24, y=01 cx=24 used @[0000]
00 00 00 00 00 00 00 00 00 00 00 00 00 00 00 00 number of ASCII=0001, x=25, y=01 cx=25 used @[0000]
00 00 00 00 00 00 00 00 00 00 00 00 00 00 00 00 number of ASCII=0001, x=26, y=01 cx=26 used @[0000]
00 00 00 00 00 00 00 00 00 00 00 00 00 00 00 00 number of ASCII=0001, x=27, y=01 cx=27 used @[0000]
00 00 00 00 00 00 00 00 00 00 00 00 00 00 00 00 number of ASCII=0001, x=28, y=01 cx=28 used @[0000]
00 00 00 00 00 00 00 00 00 00 00 00 00 00 00 00 number of ASCII=0001, x=29, y=01 cx=29 used @[0000]
00 00 00 00 00 00 00 00 00 00 00 00 00 00 00 00 number of ASCII=0001, x=30, y=01 cx=30 used @[0000]
00 00 00 00 00 00 00 00 00 00 00 00 00 00 00 00 number of ASCII=0001, x=31, y=01 cx=31 used @[0000]
00 00 00 00 00 00 00 00 00 00 00 00 00 00 00 00 number of ASCII=0001, x=32, y=01 cx=32 used @[0000]
00 00 00 00 00 00 00 00 00 00 00 00 00 00 00 00 number of ASCII=0001, x=33, y=01 cx=33 used @[0000]
00 00 00 00 00 00 00 00 00 00 00 00 00 00 00 00 number of ASCII=0001, x=34, y=01 cx=34 used @[0000]
00 00 00 00 00 00 00 00 00 00 00 00 00 00 00 00 number of ASCII=0001, x=35, y=01 cx=35 used @[0000]
00 00 00 00 00 00 00 00 00 00 00 00 00 00 00 00 number of ASCII=0001, x=36, y=01 cx=36 used @[0000]
00 00 00 00 00 00 00 00 00 00 00 00 00 00 00 00 number of ASCII=0001, x=37, y=01 cx=37 used @[0000]
00 00 00 00 00 00 00 00 00 00 00 00 00 00 00 00 number of ASCII=0001, x=38, y=01 cx=38 used @[0000]
00 00 00 00 00 00 00 00 00 00 00 00 00 00 00 00 number of ASCII=0001, x=39, y=01 cx=39 used @[0000]
00 00 00 00 00 00 00 00 00 00 00 00 00 00 00 00 number of ASCII=0001, x=40, y=01 cx=40 used @[0000]
00 00 00 00 00 00 00 00 00 00 00 00 00 00 00 00 number of ASCII=0001, x=41, y=01 cx=41 used @[0000]
00 00 00 00 00 00 00 00 00 00 00 00 00 00 00 00 number of ASCII=0001, x=42, y=01 cx=42 used @[0000]
00 00 00 00 00 00 00 00 00 00 00 00 00 00 00 00 number of ASCII=0001, x=43, y=01 cx=43 used @[0000]
00 00 00 00 00 00 00 00 00 00 00 00 00 00 00 00 number of ASCII=0001, x=44, y=01 cx=44 used @[0000]
00 00 00 00 00 00 00 00 00 00 00 00 00 00 00 00 number of ASCII=0001, x=45, y=01 cx=45 used @[0000]
00 00 00 00 00 00 00 00 00 00 00 00 00 00 00 00 number of ASCII=0001, x=46, y=01 cx=46 used @[0000]
00 00 00 00 00 00 00 00 00 00 00 00 00 00 00 00 number of ASCII=0001, x=47, y=01 cx=47 used @[0000]
00 00 00 00 00 00 00 00 00 00 00 00 00 00 00 00 number of ASCII=0001, x=48, y=01 cx=48 used @[0000]
00 00 00 00 00 00 00 00 00 00 00 00 00 00 00 00 number of ASCII=0001, x=49, y=01 cx=49 used @[0000]
00 00 00 00 00 00 00 00 00 00 00 00 00 00 00 00 number of ASCII=0001, x=50, y=01 cx=50 used @[0000]
00 00 00 00 00 00 00 00 00 00 00 00 00 00 00 00 number of ASCII=0001, x=51, y=01 cx=51 used @[0000]
00 00 00 00 00 00 00 00 00 00 00 00 00 00 00 00 number of ASCII=0001, x=52, y=01 cx=52 used @[0000]
00 00 00 00 00 00 00 00 00 00 00 00 00 00 00 00 number of ASCII=0001, x=53, y=01 cx=53 used @[0000]
00 00 00 00 00 00 00 00 00 00 00 00 00 00 00 00 number of ASCII=0001, x=54, y=01 cx=54 used @[0000]
00 00 00 00 00 00 00 00 00 00 00 00 00 00 00 00 number of ASCII=0001, x=55, y=01 cx=55 used @[0000]
00 00 00 00 00 00 00 00 00 00 00 00 00 00 00 00 number of ASCII=0001, x=56, y=01 cx=56 used @[0000]
00 00 00 00 00 00 00 00 00 00 00 00 00 00 00 00 number of ASCII=0001, x=57, y=01 cx=57 used @[0000]
00 00 00 00 00 00 00 00 00 00 00 00 00 00 00 00 number of ASCII=0001, x=58, y=01 cx=58 used @[0000]
00 00 00 00 00 00 00 00 00 00 00 00 00 00 00 00 number of ASCII=0001, x=59, y=01 cx=59 used @[0000]
00 00 00 00 00 00 00 00 00 00 00 00 00 00 00 00 number of ASCII=0001, x=60, y=01 cx=60 used @[0000]
00 00 00 00 00 00 00 00 00 00 00 00 00 00 00 00 number of ASCII=0001, x=61, y=01 cx=61 used @[0000]
00 00 00 00 00 00 00 00 00 00 00 00 00 00 00 00 number of ASCII=0001, x=62, y=01 cx=62 used @[0000]
00 00 00 00 00 00 00 00 00 00 00 00 00 00 00 00 number of ASCII=0001, x=63, y=01 cx=63 used @[0000]
00 00 00 00 00 00 00 00 00 00 00 00 00 00 00 00 number of ASCII=0001, x=64, y=01 cx=64 used @[0000]
00 00 00 00 00 00 00 00 00 00 00 00 00 00 00 00 number of ASCII=0001, x=65, y=01 cx=65 used @[0000]
00 00 00 00 00 00 00 00 00 00 00 00 00 00 00 00 number of ASCII=0001, x=66, y=01 cx=66 used @[0000]
00 00 00 00 00 00 00 00 00 00 00 00 00 00 00 00 number of ASCII=0001, x=67, y=01 cx=67 used @[0000]
00 00 00 00 00 00 00 00 00 00 00 00 00 00 00 00 number of ASCII=0001, x=68, y=01 cx=68 used @[0000]
00 00 00 00 00 00 00 00 00 00 00 00 00 00 00 00 number of ASCII=0001, x=69, y=01 cx=69 used @[0000]
00 00 00 00 00 00 00 00 00 00 00 00 00 00 00 00 number of ASCII=0001, x=70, y=01 cx=70 used @[0000]
00 00 00 00 00 00 00 00 00 00 00 00 00 00 00 00 number of ASCII=0001, x=71, y=01 cx=71 used @[0000]
00 00 00 00 00 00 00 00 00 00 00 00 00 00 00 00 number of ASCII=0001, x=72, y=01 cx=72 used @[0000]
00 00 00 00 00 00 00 00 00 00 00 00 00 00 00 00 number of ASCII=0001, x=73, y=01 cx=73 used @[0000]
00 00 00 00 00 00 00 00 00 00 00 00 00 00 00 00 number of ASCII=0001, x=74, y=01 cx=74 used @[0000]
00 00 00 00 00 00 00 00 00 00 00 00 00 00 00 00 number of ASCII=0001, x=75, y=01 cx=75 used @[0000]
00 00 00 00 00 00 00 00 00 00 00 00 00 00 00 00 number of ASCII=0001, x=76, y=01 cx=76 used @[0000]
00 00 00 00 00 00 00 00 00 00 00 00 00 00 00 00 number of ASCII=0001, x=77, y=01 cx=77 used @[0000]
00 00 00 00 00 00 00 00 00 00 00 00 00 00 00 00 number of ASCII=0001, x=78, y=01 cx=78 used @[0000]
00 00 00 00 00 00 00 00 00 00 00 00 00 00 00 00 number of ASCII=0001, x=79, y=01 cx=79 used @[0000]
00 00 00 00 00 00 00 00 00 00 00 00 00 00 00 00 number of ASCII=0001, x=80, y=01 cx=80 used @[0000]
00 00 00 00 00 00 00 00 00 00 00 00 00 00 00 00 number of ASCII=0001, x=01, y=02 cx=81 used @[0000]
00 00 00 00 00 00 00 00 00 00 00 00 00 00 00 00 number of ASCII=0001, x=02, y=02 cx=82 used @[0000]
00 00 00 00 00 00 00 00 00 00 00 00 00 00 00 00 number of ASCII=0001, x=03, y=02 cx=83 used @[0000]
00 00 00 00 00 00 00 00 00 00 00 00 00 00 00 00 number of ASCII=0001, x=04, y=02 cx=84 used @[0000]
00 00 00 00 00 00 00 00 00 00 00 00 00 00 00 00 number of ASCII=0001, x=05, y=02 cx=85 used @[0000]
00 00 00 00 00 00 00 00 00 00 00 00 00 00 00 00 number of ASCII=0001, x=06, y=02 cx=86 used @[0000]
00 00 00 00 00 00 00 00 00 00 00 00 00 00 00 00 number of ASCII=0001, x=07, y=02 cx=87 used @[0000]
00 00 00 00 00 00 00 00 00 00 00 00 00 00 00 00 number of ASCII=0001, x=08, y=02 cx=88 used @[0000]
00 00 00 00 00 00 00 00 00 00 00 00 00 00 00 00 number of ASCII=0001, x=09, y=02 cx=89 used @[0000]
00 00 00 00 00 00 00 00 00 00 00 00 00 00 00 00 number of ASCII=0001, x=10, y=02 cx=90 used @[0000]
00 00 00 00 00 00 00 00 00 00 00 00 00 00 00 00 number of ASCII=0001, x=11, y=02 cx=91 used @[0000]
00 00 00 00 00 00 00 00 00 00 00 00 00 00 00 00 number of ASCII=0001, x=12, y=02 cx=92 used @[0000]
00 00 00 00 00 00 00 00 00 00 00 00 00 00 00 00 number of ASCII=0001, x=13, y=02 cx=93 used @[0000]
00 00 00 00 00 00 00 00 00 00 00 00 00 00 00 00 number of ASCII=0001, x=14, y=02 cx=94 used @[0000]
00 00 00 00 00 00 00 00 00 00 00 00 00 00 00 00 number of ASCII=0001, x=15, y=02 cx=95 used @[0000]
00 00 00 00 00 00 00 00 00 00 00 00 00 00 00 00 number of ASCII=0001, x=16, y=02 cx=96 used @[0000]
00 00 00 00 00 00 00 00 00 00 00 00 00 00 00 00 number of ASCII=0001, x=17, y=02 cx=97 used @[0000]
00 00 00 00 00 00 00 00 00 00 00 00 00 00 00 00 number of ASCII=0001, x=18, y=02 cx=98 used @[0000]
00 00 00 00 00 00 00 00 00 00 00 00 00 00 00 00 number of ASCII=0001, x=19, y=02 cx=99 used @[0000]
00 00 00 00 00 00 00 00 00 00 00 00 00 00 00 00 number of ASCII=0001, x=20, y=02 cx=100 used @[0000]
00 00 00 00 00 00 00 00 00 00 00 00 00 00 00 00 number of ASCII=0001, x=21, y=02 cx=101 used @[0000]
00 00 00 00 00 00 00 00 00 00 00 00 00 00 00 00 number of ASCII=0001, x=22, y=02 cx=102 used @[0000]
00 00 00 00 00 00 00 00 00 00 00 00 00 00 00 00 number of ASCII=0001, x=23, y=02 cx=103 used @[0000]
00 00 00 00 00 00 00 00 00 00 00 00 00 00 00 00 number of ASCII=0001, x=24, y=02 cx=104 used @[0000]
00 00 00 00 00 00 00 00 00 00 00 00 00 00 00 00 number of ASCII=0001, x=25, y=02 cx=105 used @[0000]
00 00 00 00 00 00 00 00 00 00 00 00 00 00 00 00 number of ASCII=0001, x=26, y=02 cx=106 used @[0000]
00 00 00 00 00 00 00 00 00 00 00 00 00 00 00 00 number of ASCII=0001, x=27, y=02 cx=107 used @[0000]
00 00 00 00 00 00 00 00 00 00 00 00 00 00 00 00 number of ASCII=0001, x=28, y=02 cx=108 used @[0000]
00 00 00 00 00 00 00 00 00 00 00 00 00 00 00 00 number of ASCII=0001, x=29, y=02 cx=109 used @[0000]
00 00 00 00 00 00 00 00 00 00 00 00 00 00 00 00 number of ASCII=0001, x=30, y=02 cx=110 used @[0000]
00 00 00 00 00 00 00 00 00 00 00 00 00 00 00 00 number of ASCII=0001, x=31, y=02 cx=111 used @[0000]
00 00 00 00 00 00 00 00 00 00 00 00 00 00 00 00 number of ASCII=0001, x=32, y=02 cx=112 used @[0000]
00 00 00 00 00 00 00 00 00 00 00 00 00 00 00 00 number of ASCII=0001, x=33, y=02 cx=113 used @[0000]
00 00 00 00 00 00 00 00 00 00 00 00 00 00 00 00 number of ASCII=0001, x=34, y=02 cx=114 used @[0000]
00 00 00 00 00 00 00 00 00 00 00 00 00 00 00 00 number of ASCII=0001, x=35, y=02 cx=115 used @[0000]
00 00 00 00 00 00 00 00 00 00 00 00 00 00 00 00 number of ASCII=0001, x=36, y=02 cx=116 used @[0000]
00 00 00 00 00 00 00 00 00 00 00 00 00 00 00 00 number of ASCII=0001, x=37, y=02 cx=117 used @[0000]
00 00 00 00 00 00 00 00 00 00 00 00 00 00 00 00 number of ASCII=0001, x=38, y=02 cx=118 used @[0000]
00 00 00 00 00 00 00 00 00 00 00 00 00 00 00 00 number of ASCII=0001, x=39, y=02 cx=119 used @[0000]
00 00 00 00 00 00 00 00 00 00 00 00 00 00 00 00 number of ASCII=0001, x=40, y=02 cx=120 used @[0000]
00 00 00 00 00 00 00 00 00 00 00 00 00 00 00 00 number of ASCII=0001, x=41, y=02 cx=121 used @[0000]
00 00 00 00 00 00 00 00 00 00 00 00 00 00 00 00 number of ASCII=0001, x=42, y=02 cx=122 used @[0000]
00 00 00 00 00 00 00 00 00 00 00 00 00 00 00 00 number of ASCII=0001, x=43, y=02 cx=123 used @[0000]
00 00 00 00 00 00 00 00 00 00 00 00 00 00 00 00 number of ASCII=0001, x=44, y=02 cx=124 used @[0000]
00 00 00 00 00 00 00 00 00 00 00 00 00 00 00 00 number of ASCII=0001, x=45, y=02 cx=125 used @[0000]
00 00 00 00 00 00 00 00 00 00 00 00 00 00 00 00 number of ASCII=0001, x=46, y=02 cx=126 used @[0000]
00 00 00 00 00 00 00 00 00 00 00 00 00 00 00 00 number of ASCII=0001, x=47, y=02 cx=127 used @[0000]
00 00 00 00 00 00 00 00 00 00 00 00 00 00 00 00 number of ASCII=0001, x=48, y=02 cx=128 used @[0000]
00 00 00 00 00 00 00 00 00 00 00 00 00 00 00 00 number of ASCII=0001, x=49, y=02 cx=129 used @[0000]
00 00 00 00 00 00 00 00 00 00 00 00 00 00 00 00 number of ASCII=0001, x=50, y=02 cx=130 used @[0000]
00 00 00 00 00 00 00 00 00 00 00 00 00 00 00 00 number of ASCII=0001, x=51, y=02 cx=131 used @[0000]
00 00 00 00 00 00 00 00 00 00 00 00 00 00 00 00 number of ASCII=0001, x=52, y=02 cx=132 used @[0000]
00 00 00 00 00 00 00 00 00 00 00 00 00 00 00 00 number of ASCII=0001, x=53, y=02 cx=133 used @[0000]
00 00 00 00 00 00 00 00 00 00 00 00 00 00 00 00 number of ASCII=0001, x=54, y=02 cx=134 used @[0000]
00 00 00 00 00 00 00 00 00 00 00 00 00 00 00 00 number of ASCII=0001, x=55, y=02 cx=135 used @[0000]
00 00 00 00 00 00 00 00 00 00 00 00 00 00 00 00 number of ASCII=0001, x=56, y=02 cx=136 used @[0000]
00 00 00 00 00 00 00 00 00 00 00 00 00 00 00 00 number of ASCII=0001, x=57, y=02 cx=137 used @[0000]
00 00 00 00 00 00 00 00 00 00 00 00 00 00 00 00 number of ASCII=0001, x=58, y=02 cx=138 used @[0000]
00 00 00 00 00 00 00 00 00 00 00 00 00 00 00 00 number of ASCII=0001, x=59, y=02 cx=139 used @[0000]
00 00 00 00 00 00 00 00 00 00 00 00 00 00 00 00 number of ASCII=0001, x=60, y=02 cx=140 used @[0000]
00 00 00 00 00 00 00 00 00 00 00 00 00 00 00 00 number of ASCII=0001, x=61, y=02 cx=141 used @[0000]
00 00 00 00 00 00 00 00 00 00 00 00 00 00 00 00 number of ASCII=0001, x=62, y=02 cx=142 used @[0000]
00 00 00 00 00 00 00 00 00 00 00 00 00 00 00 00 number of ASCII=0001, x=63, y=02 cx=143 used @[0000]
00 00 00 00 00 00 00 00 00 00 00 00 00 00 00 00 number of ASCII=0001, x=64, y=02 cx=144 used @[0000]
00 00 00 00 00 00 00 00 00 00 00 00 00 00 00 00 number of ASCII=0001, x=65, y=02 cx=145 used @[0000]
00 00 00 00 00 00 00 00 00 00 00 00 00 00 00 00 number of ASCII=0001, x=66, y=02 cx=146 used @[0000]
00 00 00 00 00 00 00 00 00 00 00 00 00 00 00 00 number of ASCII=0001, x=67, y=02 cx=147 used @[0000]
00 00 00 00 00 00 00 00 00 00 00 00 00 00 00 00 number of ASCII=0001, x=68, y=02 cx=148 used @[0000]
00 00 00 00 00 00 00 00 00 00 00 00 00 00 00 00 number of ASCII=0001, x=69, y=02 cx=149 used @[0000]
00 00 00 00 00 00 00 00 00 00 00 00 00 00 00 00 number of ASCII=0001, x=70, y=02 cx=150 used @[0000]
00 00 00 00 00 00 00 00 00 00 00 00 00 00 00 00 number of ASCII=0001, x=71, y=02 cx=151 used @[0000]
00 00 00 00 00 00 00 00 00 00 00 00 00 00 00 00 number of ASCII=0001, x=72, y=02 cx=152 used @[0000]
00 00 00 00 00 00 00 00 00 00 00 00 00 00 00 00 number of ASCII=0001, x=73, y=02 cx=153 used @[0000]
00 00 00 00 00 00 00 00 00 00 00 00 00 00 00 00 number of ASCII=0001, x=74, y=02 cx=154 used @[0000]
00 00 00 00 00 00 00 00 00 00 00 00 00 00 00 00 number of ASCII=0001, x=75, y=02 cx=155 used @[0000]
00 00 00 00 00 00 00 00 00 00 00 00 00 00 00 00 number of ASCII=0001, x=76, y=02 cx=156 used @[0000]
00 00 00 00 00 00 00 00 00 00 00 00 00 00 00 00 number of ASCII=0001, x=77, y=02 cx=157 used @[0000]
00 00 00 00 00 00 00 00 00 00 00 00 00 00 00 00 number of ASCII=0001, x=78, y=02 cx=158 used @[0000]
00 00 00 00 00 00 00 00 00 00 00 00 00 00 00 00 number of ASCII=0001, x=79, y=02 cx=159 used @[0000]
00 00 00 00 00 00 00 00 00 00 00 00 00 00 00 00 number of ASCII=0001, x=80, y=02 cx=160 used @[0000]
00 00 00 00 00 00 00 00 00 00 00 00 00 00 00 00 number of ASCII=0001, x=01, y=03 cx=161 used @[0000]
00 00 00 00 00 00 00 00 00 00 00 00 00 00 00 00 number of ASCII=0001, x=02, y=03 cx=162 used @[0000]
00 00 00 00 00 00 00 00 00 00 00 00 00 00 00 00 number of ASCII=0001, x=03, y=03 cx=163 used @[0000]
00 00 00 00 00 00 00 00 00 00 00 00 00 00 00 00 number of ASCII=0001, x=04, y=03 cx=164 used @[0000]
00 00 00 00 00 00 00 00 00 00 00 00 00 00 00 00 number of ASCII=0001, x=05, y=03 cx=165 used @[0000]
00 00 00 00 00 00 00 00 00 00 00 00 00 00 00 00 number of ASCII=0001, x=06, y=03 cx=166 used @[0000]
00 00 00 00 00 00 00 00 00 00 00 00 00 00 00 00 number of ASCII=0001, x=07, y=03 cx=167 used @[0000]
00 00 00 00 00 00 00 00 00 00 00 00 00 00 00 00 number of ASCII=0001, x=08, y=03 cx=168 used @[0000]
00 00 00 00 00 00 00 00 00 00 00 00 00 00 00 00 number of ASCII=0001, x=09, y=03 cx=169 used @[0000]
00 00 00 00 00 00 00 00 00 00 00 00 00 00 00 00 number of ASCII=0001, x=10, y=03 cx=170 used @[0000]
00 00 00 00 00 00 00 00 00 00 00 00 00 00 00 00 number of ASCII=0001, x=11, y=03 cx=171 used @[0000]
00 00 00 00 00 00 00 00 00 00 00 00 00 00 00 00 number of ASCII=0001, x=12, y=03 cx=172 used @[0000]
00 00 00 00 00 00 00 00 00 00 00 00 00 00 00 00 number of ASCII=0001, x=13, y=03 cx=173 used @[0000]
00 00 00 00 00 00 00 00 00 00 00 00 00 00 00 00 number of ASCII=0001, x=14, y=03 cx=174 used @[0000]
00 00 00 00 00 00 00 00 00 00 00 00 00 00 00 00 number of ASCII=0001, x=15, y=03 cx=175 used @[0000]
00 00 00 00 00 00 00 00 00 00 00 00 00 00 00 00 number of ASCII=0001, x=16, y=03 cx=176 used @[0000]
00 00 00 00 00 00 00 00 00 00 00 00 00 00 00 00 number of ASCII=0001, x=17, y=03 cx=177 used @[0000]
00 00 00 00 00 00 00 00 00 00 00 00 00 00 00 00 number of ASCII=0001, x=18, y=03 cx=178 used @[0000]
00 00 00 00 00 00 00 00 00 00 00 00 00 00 00 00 number of ASCII=0001, x=19, y=03 cx=179 used @[0000]
00 00 00 00 00 00 00 00 00 00 00 00 00 00 00 00 number of ASCII=0001, x=20, y=03 cx=180 used @[0000]
00 00 00 00 00 00 00 00 00 00 00 00 00 00 00 00 number of ASCII=0001, x=21, y=03 cx=181 used @[0000]
00 00 00 00 00 00 00 00 00 00 00 00 00 00 00 00 number of ASCII=0001, x=22, y=03 cx=182 used @[0000]
00 00 00 00 00 00 00 00 00 00 00 00 00 00 00 00 number of ASCII=0001, x=23, y=03 cx=183 used @[0000]
00 00 00 00 00 00 00 00 00 00 00 00 00 00 00 00 number of ASCII=0001, x=24, y=03 cx=184 used @[0000]
00 00 00 00 00 00 00 00 00 00 00 00 00 00 00 00 number of ASCII=0001, x=25, y=03 cx=185 used @[0000]
00 00 00 00 00 00 00 00 00 00 00 00 00 00 00 00 number of ASCII=0001, x=26, y=03 cx=186 used @[0000]
00 00 00 00 00 00 00 00 00 00 00 00 00 00 00 00 number of ASCII=0001, x=27, y=03 cx=187 used @[0000]
00 00 00 00 00 00 00 00 00 00 00 00 00 00 00 00 number of ASCII=0001, x=28, y=03 cx=188 used @[0000]
00 00 00 00 00 00 00 00 00 00 00 00 00 00 00 00 number of ASCII=0001, x=29, y=03 cx=189 used @[0000]
00 00 00 00 00 00 00 00 00 00 00 00 00 00 00 00 number of ASCII=0001, x=30, y=03 cx=190 used @[0000]
00 00 00 00 00 00 00 00 00 00 00 00 00 00 00 00 number of ASCII=0001, x=31, y=03 cx=191 used @[0000]
00 00 00 00 00 00 00 00 00 00 00 00 00 00 00 00 number of ASCII=0001, x=32, y=03 cx=192 used @[0000]
00 00 00 00 00 00 00 00 00 00 00 00 00 00 00 00 number of ASCII=0001, x=33, y=03 cx=193 used @[0000]
00 00 00 00 00 00 00 00 00 00 00 00 00 00 00 00 number of ASCII=0001, x=34, y=03 cx=194 used @[0000]
00 00 00 00 00 00 00 00 00 00 00 00 00 00 00 00 number of ASCII=0001, x=35, y=03 cx=195 used @[0000]
00 00 00 00 00 00 00 00 00 00 00 00 00 00 00 00 number of ASCII=0001, x=36, y=03 cx=196 used @[0000]
00 00 00 00 00 00 00 00 00 00 00 00 00 00 00 00 number of ASCII=0001, x=37, y=03 cx=197 used @[0000]
00 00 00 00 00 00 00 00 00 00 00 00 00 00 00 00 number of ASCII=0001, x=38, y=03 cx=198 used @[0000]
00 00 00 00 00 00 00 00 00 00 00 00 00 00 00 00 number of ASCII=0001, x=39, y=03 cx=199 used @[0000]
00 00 00 00 00 00 00 00 00 00 00 00 00 00 00 00 number of ASCII=0001, x=40, y=03 cx=200 used @[0000]
00 00 00 00 00 00 00 00 00 00 00 00 00 00 00 00 number of ASCII=0001, x=41, y=03 cx=201 used @[0000]
00 00 00 00 00 00 00 00 00 00 00 00 00 00 00 00 number of ASCII=0001, x=42, y=03 cx=202 used @[0000]
00 00 00 00 00 00 00 00 00 00 00 00 00 00 00 00 number of ASCII=0001, x=43, y=03 cx=203 used @[0000]
00 00 00 00 00 00 00 00 00 00 00 00 00 00 00 00 number of ASCII=0001, x=44, y=03 cx=204 used @[0000]
00 00 00 00 00 00 00 00 00 00 00 00 00 00 00 00 number of ASCII=0001, x=45, y=03 cx=205 used @[0000]
00 00 00 00 00 00 00 00 00 00 00 00 00 00 00 00 number of ASCII=0001, x=46, y=03 cx=206 used @[0000]
00 00 00 00 00 00 00 00 00 00 00 00 00 00 00 00 number of ASCII=0001, x=47, y=03 cx=207 used @[0000]
00 00 00 00 00 00 00 00 00 00 00 00 00 00 00 00 number of ASCII=0001, x=48, y=03 cx=208 used @[0000]
00 00 00 00 00 00 00 00 00 00 00 00 00 00 00 00 number of ASCII=0001, x=49, y=03 cx=209 used @[0000]
00 00 00 00 00 00 00 00 00 00 00 00 00 00 00 00 number of ASCII=0001, x=50, y=03 cx=210 used @[0000]
00 00 00 00 00 00 00 00 00 00 00 00 00 00 00 00 number of ASCII=0001, x=51, y=03 cx=211 used @[0000]
00 00 00 00 00 00 00 00 00 00 00 00 00 00 00 00 number of ASCII=0001, x=52, y=03 cx=212 used @[0000]
00 00 00 00 00 00 00 00 00 00 00 00 00 00 00 00 number of ASCII=0001, x=53, y=03 cx=213 used @[0000]
00 00 00 00 00 00 00 00 00 00 00 00 00 00 00 00 number of ASCII=0001, x=54, y=03 cx=214 used @[0000]
00 00 00 00 00 00 00 00 00 00 00 00 00 00 00 00 number of ASCII=0001, x=55, y=03 cx=215 used @[0000]
00 00 00 00 00 00 00 00 00 00 00 00 00 00 00 00 number of ASCII=0001, x=56, y=03 cx=216 used @[0000]
00 00 00 00 00 00 00 00 00 00 00 00 00 00 00 00 number of ASCII=0001, x=57, y=03 cx=217 used @[0000]
00 00 00 00 00 00 00 00 00 00 00 00 00 00 00 00 number of ASCII=0001, x=58, y=03 cx=218 used @[0000]
00 00 00 00 00 00 00 00 00 00 00 00 00 00 00 00 number of ASCII=0001, x=59, y=03 cx=219 used @[0000]
00 00 00 00 00 00 00 00 00 00 00 00 00 00 00 00 number of ASCII=0001, x=60, y=03 cx=220 used @[0000]
00 00 00 00 00 00 00 00 00 00 00 00 00 00 00 00 number of ASCII=0001, x=61, y=03 cx=221 used @[0000]
00 00 00 00 00 00 00 00 00 00 00 00 00 00 00 00 number of ASCII=0001, x=62, y=03 cx=222 used @[0000]
00 00 00 00 00 00 00 00 00 00 00 00 00 00 00 00 number of ASCII=0001, x=63, y=03 cx=223 used @[0000]
00 00 00 00 00 00 00 00 00 00 00 00 00 00 00 00 number of ASCII=0001, x=64, y=03 cx=224 used @[0000]
00 00 00 00 00 00 00 00 00 00 00 00 00 00 00 00 number of ASCII=0001, x=65, y=03 cx=225 used @[0000]
00 00 00 00 00 00 00 00 00 00 00 00 00 00 00 00 number of ASCII=0001, x=66, y=03 cx=226 used @[0000]
00 00 00 00 00 00 00 00 00 00 00 00 00 00 00 00 number of ASCII=0001, x=67, y=03 cx=227 used @[0000]
00 00 00 00 00 00 00 00 00 00 00 00 00 00 00 00 number of ASCII=0001, x=68, y=03 cx=228 used @[0000]
00 00 00 00 00 00 00 00 00 00 00 00 00 00 00 00 number of ASCII=0001, x=69, y=03 cx=229 used @[0000]
00 00 00 00 00 00 00 00 00 00 00 00 00 00 00 00 number of ASCII=0001, x=70, y=03 cx=230 used @[0000]
00 00 00 00 00 00 00 00 00 00 00 00 00 00 00 00 number of ASCII=0001, x=71, y=03 cx=231 used @[0000]
00 00 00 00 00 00 00 00 00 00 00 00 00 00 00 00 number of ASCII=0001, x=72, y=03 cx=232 used @[0000]
00 00 00 00 00 00 00 00 00 00 00 00 00 00 00 00 number of ASCII=0001, x=73, y=03 cx=233 used @[0000]
00 00 00 00 00 00 00 00 00 00 00 00 00 00 00 00 number of ASCII=0001, x=74, y=03 cx=234 used @[0000]
00 00 00 00 00 00 00 00 00 00 00 00 00 00 00 00 number of ASCII=0001, x=75, y=03 cx=235 used @[0000]
00 00 00 00 00 00 00 00 00 00 00 00 00 00 00 00 number of ASCII=0001, x=76, y=03 cx=236 used @[0000]
00 00 00 00 00 00 00 00 00 00 00 00 00 00 00 00 number of ASCII=0001, x=77, y=03 cx=237 used @[0000]
00 00 00 00 00 00 00 00 00 00 00 00 00 00 00 00 number of ASCII=0001, x=78, y=03 cx=238 used @[0000]
00 00 00 00 00 00 00 00 00 00 00 00 00 00 00 00 number of ASCII=0001, x=79, y=03 cx=239 used @[0000]
00 00 00 00 00 00 00 00 00 00 00 00 00 00 00 00 number of ASCII=0001, x=80, y=03 cx=240 used @[0000]
00 00 00 00 00 00 00 00 00 00 00 00 00 00 00 00 number of ASCII=0001, x=01, y=04 cx=241 used @[0000]
00 00 00 00 00 00 00 00 00 00 00 00 00 00 00 00 number of ASCII=0001, x=02, y=04 cx=242 used @[0000]
00 00 00 00 00 00 00 00 00 00 00 00 00 00 00 00 number of ASCII=0001, x=03, y=04 cx=243 used @[0000]
00 00 00 00 00 00 00 00 00 00 00 00 00 00 00 00 number of ASCII=0001, x=04, y=04 cx=244 used @[0000]
00 00 00 00 00 00 00 00 00 00 00 00 00 00 00 00 number of ASCII=0001, x=05, y=04 cx=245 used @[0000]
00 00 00 00 00 00 00 00 00 00 00 00 00 00 00 00 number of ASCII=0001, x=06, y=04 cx=246 used @[0000]
00 00 00 00 00 00 00 00 00 00 00 00 00 00 00 00 number of ASCII=0001, x=07, y=04 cx=247 used @[0000]
00 00 00 00 00 00 00 00 00 00 00 00 00 00 00 00 number of ASCII=0001, x=08, y=04 cx=248 used @[0000]
00 00 00 00 00 00 00 00 00 00 00 00 00 00 00 00 number of ASCII=0001, x=09, y=04 cx=249 used @[0000]
00 00 00 00 00 00 00 00 00 00 00 00 00 00 00 00 number of ASCII=0001, x=10, y=04 cx=250 used @[0000]
00 00 00 00 00 00 00 00 00 00 00 00 00 00 00 00 number of ASCII=0001, x=11, y=04 cx=251 used @[0000]
00 00 00 00 00 00 00 00 00 00 00 00 00 00 00 00 number of ASCII=0001, x=12, y=04 cx=252 used @[0000]
00 00 00 00 00 00 00 00 00 00 00 00 00 00 00 00 number of ASCII=0001, x=13, y=04 cx=253 used @[0000]
00 00 00 00 00 00 00 00 00 00 00 00 00 00 00 00 number of ASCII=0001, x=14, y=04 cx=254 used @[0000]
00 00 00 00 00 00 00 00 00 00 00 00 00 00 00 00 number of ASCII=0001, x=15, y=04 cx=255 used @[0000]
00 00 00 00 00 00 00 00 00 00 00 00 00 00 00 00 number of ASCII=0001, x=16, y=04 cx=256 used @[0000]
00 00 00 00 00 00 00 00 00 00 00 00 00 00 00 00 number of ASCII=0001, x=17, y=04 cx=257 used @[0000]
00 00 00 00 00 00 00 00 00 00 00 00 00 00 00 00 number of ASCII=0001, x=18, y=04 cx=258 used @[0000]
00 00 00 00 00 00 00 00 00 00 00 00 00 00 00 00 number of ASCII=0001, x=19, y=04 cx=259 used @[0000]
00 00 00 00 00 00 00 00 00 00 00 00 00 00 00 00 number of ASCII=0001, x=20, y=04 cx=260 used @[0000]
00 00 00 00 00 00 00 00 00 00 00 00 00 00 00 00 number of ASCII=0001, x=21, y=04 cx=261 used @[0000]
00 00 00 00 00 00 00 00 00 00 00 00 00 00 00 00 number of ASCII=0001, x=22, y=04 cx=262 used @[0000]
00 00 00 00 00 00 00 00 00 00 00 00 00 00 00 00 number of ASCII=0001, x=23, y=04 cx=263 used @[0000]
00 00 00 00 00 00 00 00 00 00 00 00 00 00 00 00 number of ASCII=0001, x=24, y=04 cx=264 used @[0000]
00 00 00 00 00 00 00 00 00 00 00 00 00 00 00 00 number of ASCII=0001, x=25, y=04 cx=265 used @[0000]
00 00 00 00 00 00 00 00 00 00 00 00 00 00 00 00 number of ASCII=0001, x=26, y=04 cx=266 used @[0000]
00 00 00 00 00 00 00 00 00 00 00 00 00 00 00 00 number of ASCII=0001, x=27, y=04 cx=267 used @[0000]
00 00 00 00 00 00 00 00 00 00 00 00 00 00 00 00 number of ASCII=0001, x=28, y=04 cx=268 used @[0000]
00 00 00 00 00 00 00 00 00 00 00 00 00 00 00 00 number of ASCII=0001, x=29, y=04 cx=269 used @[0000]
00 00 00 00 00 00 00 00 00 00 00 00 00 00 00 00 number of ASCII=0001, x=30, y=04 cx=270 used @[0000]
00 00 00 00 00 00 00 00 00 00 00 00 00 00 00 00 number of ASCII=0001, x=31, y=04 cx=271 used @[0000]
00 00 00 00 00 00 00 00 00 00 00 00 00 00 00 00 number of ASCII=0001, x=32, y=04 cx=272 used @[0000]
00 00 00 00 00 00 00 00 00 00 00 00 00 00 00 00 number of ASCII=0001, x=33, y=04 cx=273 used @[0000]
00 00 00 00 00 00 00 00 00 00 00 00 00 00 00 00 number of ASCII=0001, x=34, y=04 cx=274 used @[0000]
00 00 00 00 00 00 00 00 00 00 00 00 00 00 00 00 number of ASCII=0001, x=35, y=04 cx=275 used @[0000]
00 00 00 00 00 00 00 00 00 00 00 00 00 00 00 00 number of ASCII=0001, x=36, y=04 cx=276 used @[0000]
00 00 00 00 00 00 00 00 00 00 00 00 00 00 00 00 number of ASCII=0001, x=37, y=04 cx=277 used @[0000]
00 00 00 00 00 00 00 00 00 00 00 00 00 00 00 00 number of ASCII=0001, x=38, y=04 cx=278 used @[0000]
00 00 00 00 00 00 00 00 00 00 00 00 00 00 00 00 number of ASCII=0001, x=39, y=04 cx=279 used @[0000]
00 00 00 00 00 00 00 00 00 00 00 00 00 00 00 00 number of ASCII=0001, x=40, y=04 cx=280 used @[0000]
00 00 00 00 00 00 00 00 00 00 00 00 00 00 00 00 number of ASCII=0001, x=41, y=04 cx=281 used @[0000]
00 00 00 00 00 00 00 00 00 00 00 00 00 00 00 00 number of ASCII=0001, x=42, y=04 cx=282 used @[0000]
00 00 00 00 00 00 00 00 00 00 00 00 00 00 00 00 number of ASCII=0001, x=43, y=04 cx=283 used @[0000]
00 00 00 00 00 00 00 00 00 00 00 00 00 00 00 00 number of ASCII=0001, x=44, y=04 cx=284 used @[0000]
00 00 00 00 00 00 00 00 00 00 00 00 00 00 00 00 number of ASCII=0001, x=45, y=04 cx=285 used @[0000]
00 00 00 00 00 00 00 00 00 00 00 00 00 00 00 00 number of ASCII=0001, x=46, y=04 cx=286 used @[0000]
00 00 00 00 00 00 00 00 00 00 00 00 00 00 00 00 number of ASCII=0001, x=47, y=04 cx=287 used @[0000]
00 00 00 00 00 00 00 00 00 00 00 00 00 00 00 00 number of ASCII=0001, x=48, y=04 cx=288 used @[0000]
00 00 00 00 00 00 00 00 00 00 00 00 00 00 00 00 number of ASCII=0001, x=49, y=04 cx=289 used @[0000]
00 00 00 00 00 00 00 00 00 00 00 00 00 00 00 00 number of ASCII=0001, x=50, y=04 cx=290 used @[0000]
00 00 00 00 00 00 00 00 00 00 00 00 00 00 00 00 number of ASCII=0001, x=51, y=04 cx=291 used @[0000]
00 00 00 00 00 00 00 00 00 00 00 00 00 00 00 00 number of ASCII=0001, x=52, y=04 cx=292 used @[0000]
00 00 00 00 00 00 00 00 00 00 00 00 00 00 00 00 number of ASCII=0001, x=53, y=04 cx=293 used @[0000]
00 00 00 00 00 00 00 00 00 00 00 00 00 00 00 00 number of ASCII=0001, x=54, y=04 cx=294 used @[0000]
00 00 00 00 00 00 00 00 00 00 00 00 00 00 00 00 number of ASCII=0001, x=55, y=04 cx=295 used @[0000]
00 00 00 00 00 00 00 00 00 00 00 00 00 00 00 00 number of ASCII=0001, x=56, y=04 cx=296 used @[0000]
00 00 00 00 00 00 00 00 00 00 00 00 00 00 00 00 number of ASCII=0001, x=57, y=04 cx=297 used @[0000]
00 00 00 00 00 00 00 00 00 00 00 00 00 00 00 00 number of ASCII=0001, x=58, y=04 cx=298 used @[0000]
00 00 00 00 00 00 00 00 00 00 00 00 00 00 00 00 number of ASCII=0001, x=59, y=04 cx=299 used @[0000]
00 00 00 00 00 00 00 00 00 00 00 00 00 00 00 00 number of ASCII=0001, x=60, y=04 cx=300 used @[0000]
00 00 00 00 00 00 00 00 00 00 00 00 00 00 00 00 number of ASCII=0001, x=61, y=04 cx=301 used @[0000]
00 00 00 00 00 00 00 00 00 00 00 00 00 00 00 00 number of ASCII=0001, x=62, y=04 cx=302 used @[0000]
00 00 00 00 00 00 00 00 00 00 00 00 00 00 00 00 number of ASCII=0001, x=63, y=04 cx=303 used @[0000]
00 00 00 00 00 00 00 00 00 00 00 00 00 00 00 00 number of ASCII=0001, x=64, y=04 cx=304 used @[0000]
00 00 00 00 00 00 00 00 00 00 00 00 00 00 00 00 number of ASCII=0001, x=65, y=04 cx=305 used @[0000]
00 00 00 00 00 00 00 00 00 00 00 00 00 00 00 00 number of ASCII=0001, x=66, y=04 cx=306 used @[0000]
00 00 00 00 00 00 00 00 00 00 00 00 00 00 00 00 number of ASCII=0001, x=67, y=04 cx=307 used @[0000]
00 00 00 00 00 00 00 00 00 00 00 00 00 00 00 00 number of ASCII=0001, x=68, y=04 cx=308 used @[0000]
00 00 00 00 00 00 00 00 00 00 00 00 00 00 00 00 number of ASCII=0001, x=69, y=04 cx=309 used @[0000]
00 00 00 00 00 00 00 00 00 00 00 00 00 00 00 00 number of ASCII=0001, x=70, y=04 cx=310 used @[0000]
00 00 00 00 00 00 00 00 00 00 00 00 00 00 00 00 number of ASCII=0001, x=71, y=04 cx=311 used @[0000]
00 00 00 00 00 00 00 00 00 00 00 00 00 00 00 00 number of ASCII=0001, x=72, y=04 cx=312 used @[0000]
00 00 00 00 00 00 00 00 00 00 00 00 00 00 00 00 number of ASCII=0001, x=73, y=04 cx=313 used @[0000]
00 00 00 00 00 00 00 00 00 00 00 00 00 00 00 00 number of ASCII=0001, x=74, y=04 cx=314 used @[0000]
00 00 00 00 00 00 00 00 00 00 00 00 00 00 00 00 number of ASCII=0001, x=75, y=04 cx=315 used @[0000]
00 00 00 00 00 00 00 00 00 00 00 00 00 00 00 00 number of ASCII=0001, x=76, y=04 cx=316 used @[0000]
00 00 00 00 00 00 00 00 00 00 00 00 00 00 00 00 number of ASCII=0001, x=77, y=04 cx=317 used @[0000]
00 00 00 00 00 00 00 00 00 00 00 00 00 00 00 00 number of ASCII=0001, x=78, y=04 cx=318 used @[0000]
00 00 00 00 00 00 00 00 00 00 00 00 00 00 00 00 number of ASCII=0001, x=79, y=04 cx=319 used @[0000]
00 00 00 00 00 00 00 00 00 00 00 00 00 00 00 00 number of ASCII=0001, x=80, y=04 cx=320 used @[0000]
00 00 00 00 00 00 00 00 00 00 00 00 00 00 00 00 number of ASCII=0001, x=01, y=05 cx=321 used @[0000]
00 00 00 00 00 00 00 00 00 00 00 00 00 00 00 00 number of ASCII=0001, x=02, y=05 cx=322 used @[0000]
00 00 00 00 00 00 00 00 00 00 00 00 00 00 00 00 number of ASCII=0001, x=03, y=05 cx=323 used @[0000]
00 00 00 00 00 00 00 00 00 00 00 00 00 00 00 00 number of ASCII=0001, x=04, y=05 cx=324 used @[0000]
00 00 00 00 00 00 00 00 00 00 00 00 00 00 00 00 number of ASCII=0001, x=05, y=05 cx=325 used @[0000]
00 00 00 00 00 00 00 00 00 00 00 00 00 00 00 00 number of ASCII=0001, x=06, y=05 cx=326 used @[0000]
00 00 00 00 00 00 00 00 00 00 00 00 00 00 00 00 number of ASCII=0001, x=07, y=05 cx=327 used @[0000]
00 00 00 00 00 00 00 00 00 00 00 00 00 00 00 00 number of ASCII=0001, x=08, y=05 cx=328 used @[0000]
00 00 00 00 00 00 00 00 00 00 00 00 00 00 00 00 number of ASCII=0001, x=09, y=05 cx=329 used @[0000]
00 00 00 00 00 00 00 00 00 00 00 00 00 00 00 00 number of ASCII=0001, x=10, y=05 cx=330 used @[0000]
00 00 00 00 00 00 00 00 00 00 00 00 00 00 00 00 number of ASCII=0001, x=11, y=05 cx=331 used @[0000]
00 00 00 00 00 00 00 00 00 00 00 00 00 00 00 00 number of ASCII=0001, x=12, y=05 cx=332 used @[0000]
00 00 00 00 00 00 00 00 00 00 00 00 00 00 00 00 number of ASCII=0001, x=13, y=05 cx=333 used @[0000]
00 00 00 00 00 00 00 00 00 00 00 00 00 00 00 00 number of ASCII=0001, x=14, y=05 cx=334 used @[0000]
00 00 00 00 00 00 00 00 00 00 00 00 00 00 00 00 number of ASCII=0001, x=15, y=05 cx=335 used @[0000]
00 00 00 00 00 00 00 00 00 00 00 00 00 00 00 00 number of ASCII=0001, x=16, y=05 cx=336 used @[0000]
00 00 00 00 00 00 00 00 00 00 00 00 00 00 00 00 number of ASCII=0001, x=17, y=05 cx=337 used @[0000]
00 00 00 00 00 00 00 00 00 00 00 00 00 00 00 00 number of ASCII=0001, x=18, y=05 cx=338 used @[0000]
00 00 00 00 00 00 00 00 00 00 00 00 00 00 00 00 number of ASCII=0001, x=19, y=05 cx=339 used @[0000]
00 00 00 00 00 00 00 00 00 00 00 00 00 00 00 00 number of ASCII=0001, x=20, y=05 cx=340 used @[0000]
00 00 00 00 00 00 00 00 00 00 00 00 00 00 00 00 number of ASCII=0001, x=21, y=05 cx=341 used @[0000]
00 00 00 00 00 00 00 00 00 00 00 00 00 00 00 00 number of ASCII=0001, x=22, y=05 cx=342 used @[0000]
00 00 00 00 00 00 00 00 00 00 00 00 00 00 00 00 number of ASCII=0001, x=23, y=05 cx=343 used @[0000]
00 00 00 00 00 00 00 00 00 00 00 00 00 00 00 00 number of ASCII=0001, x=24, y=05 cx=344 used @[0000]
00 00 00 00 00 00 00 00 00 00 00 00 00 00 00 00 number of ASCII=0001, x=25, y=05 cx=345 used @[0000]
00 00 00 00 00 00 00 00 00 00 00 00 00 00 00 00 number of ASCII=0001, x=26, y=05 cx=346 used @[0000]
00 00 00 00 00 00 00 00 00 00 00 00 00 00 00 00 number of ASCII=0001, x=27, y=05 cx=347 used @[0000]
00 00 00 00 00 00 00 00 00 00 00 00 00 00 00 00 number of ASCII=0001, x=28, y=05 cx=348 used @[0000]
00 00 00 00 00 00 00 00 00 00 00 00 00 00 00 00 number of ASCII=0001, x=29, y=05 cx=349 used @[0000]
00 00 00 00 00 00 00 00 00 00 00 00 00 00 00 00 number of ASCII=0001, x=30, y=05 cx=350 used @[0000]
00 00 00 00 00 00 00 00 00 00 00 00 00 00 00 00 number of ASCII=0001, x=31, y=05 cx=351 used @[0000]
00 00 00 00 00 00 00 00 00 00 00 00 00 00 00 00 number of ASCII=0001, x=32, y=05 cx=352 used @[0000]
00 00 00 00 00 00 00 00 00 00 00 00 00 00 00 00 number of ASCII=0001, x=33, y=05 cx=353 used @[0000]
00 00 00 00 00 00 00 00 00 00 00 00 00 00 00 00 number of ASCII=0001, x=34, y=05 cx=354 used @[0000]
00 00 00 00 00 00 00 00 00 00 00 00 00 00 00 00 number of ASCII=0001, x=35, y=05 cx=355 used @[0000]
00 00 00 00 00 00 00 00 00 00 00 00 00 00 00 00 number of ASCII=0001, x=36, y=05 cx=356 used @[0000]
00 00 00 00 00 00 00 00 00 00 00 00 00 00 00 00 number of ASCII=0001, x=37, y=05 cx=357 used @[0000]
00 00 00 00 00 00 00 00 00 00 00 00 00 00 00 00 number of ASCII=0001, x=38, y=05 cx=358 used @[0000]
00 00 00 00 00 00 00 00 00 00 00 00 00 00 00 00 number of ASCII=0001, x=39, y=05 cx=359 used @[0000]
00 00 00 00 00 00 00 00 00 00 00 00 00 00 00 00 number of ASCII=0001, x=40, y=05 cx=360 used @[0000]
00 00 00 00 00 00 00 00 00 00 00 00 00 00 00 00 number of ASCII=0001, x=41, y=05 cx=361 used @[0000]
00 00 00 00 00 00 00 00 00 00 00 00 00 00 00 00 number of ASCII=0001, x=42, y=05 cx=362 used @[0000]
00 00 00 00 00 00 00 00 00 00 00 00 00 00 00 00 number of ASCII=0001, x=43, y=05 cx=363 used @[0000]
00 00 00 00 00 00 00 00 00 00 00 00 00 00 00 00 number of ASCII=0001, x=44, y=05 cx=364 used @[0000]
00 00 00 00 00 00 00 00 00 00 00 00 00 00 00 00 number of ASCII=0001, x=45, y=05 cx=365 used @[0000]
00 00 00 00 00 00 00 00 00 00 00 00 00 00 00 00 number of ASCII=0001, x=46, y=05 cx=366 used @[0000]
00 00 00 00 00 00 00 00 00 00 00 00 00 00 00 00 number of ASCII=0001, x=47, y=05 cx=367 used @[0000]
00 00 00 00 00 00 00 00 00 00 00 00 00 00 00 00 number of ASCII=0001, x=48, y=05 cx=368 used @[0000]
00 00 00 00 00 00 00 00 00 00 00 00 00 00 00 00 number of ASCII=0001, x=49, y=05 cx=369 used @[0000]
00 00 00 00 00 00 00 00 00 00 00 00 00 00 00 00 number of ASCII=0001, x=50, y=05 cx=370 used @[0000]
00 00 00 00 00 00 00 00 00 00 00 00 00 00 00 00 number of ASCII=0001, x=51, y=05 cx=371 used @[0000]
00 00 00 00 00 00 00 00 00 00 00 00 00 00 00 00 number of ASCII=0001, x=52, y=05 cx=372 used @[0000]
00 00 00 00 00 00 00 00 00 00 00 00 00 00 00 00 number of ASCII=0001, x=53, y=05 cx=373 used @[0000]
00 00 00 00 00 00 00 00 00 00 00 00 00 00 00 00 number of ASCII=0001, x=54, y=05 cx=374 used @[0000]
00 00 00 00 00 00 00 00 00 00 00 00 00 00 00 00 number of ASCII=0001, x=55, y=05 cx=375 used @[0000]
00 00 00 00 00 00 00 00 00 00 00 00 00 00 00 00 number of ASCII=0001, x=56, y=05 cx=376 used @[0000]
00 00 00 00 00 00 00 00 00 00 00 00 00 00 00 00 number of ASCII=0001, x=57, y=05 cx=377 used @[0000]
00 00 00 00 00 00 00 00 00 00 00 00 00 00 00 00 number of ASCII=0001, x=58, y=05 cx=378 used @[0000]
00 00 00 00 00 00 00 00 00 00 00 00 00 00 00 00 number of ASCII=0001, x=59, y=05 cx=379 used @[0000]
00 00 00 00 00 00 00 00 00 00 00 00 00 00 00 00 number of ASCII=0001, x=60, y=05 cx=380 used @[0000]
00 00 00 00 00 00 00 00 00 00 00 00 00 00 00 00 number of ASCII=0001, x=61, y=05 cx=381 used @[0000]
00 00 00 00 00 00 00 00 00 00 00 00 00 00 00 00 number of ASCII=0001, x=62, y=05 cx=382 used @[0000]
00 00 00 00 00 00 00 00 00 00 00 00 00 00 00 00 number of ASCII=0001, x=63, y=05 cx=383 used @[0000]
00 00 00 00 00 00 00 00 00 00 00 00 00 00 00 00 number of ASCII=0001, x=64, y=05 cx=384 used @[0000]
00 00 00 00 00 00 00 00 00 00 00 00 00 00 00 00 number of ASCII=0001, x=65, y=05 cx=385 used @[0000]
00 00 00 00 00 00 00 00 00 00 00 00 00 00 00 00 number of ASCII=0001, x=66, y=05 cx=386 used @[0000]
00 00 00 00 00 00 00 00 00 00 00 00 00 00 00 00 number of ASCII=0001, x=67, y=05 cx=387 used @[0000]
00 00 00 00 00 00 00 00 00 00 00 00 00 00 00 00 number of ASCII=0001, x=68, y=05 cx=388 used @[0000]
00 00 00 00 00 00 00 00 00 00 00 00 00 00 00 00 number of ASCII=0001, x=69, y=05 cx=389 used @[0000]
00 00 00 00 00 00 00 00 00 00 00 00 00 00 00 00 number of ASCII=0001, x=70, y=05 cx=390 used @[0000]
00 00 00 00 00 00 00 00 00 00 00 00 00 00 00 00 number of ASCII=0001, x=71, y=05 cx=391 used @[0000]
00 00 00 00 00 00 00 00 00 00 00 00 00 00 00 00 number of ASCII=0001, x=72, y=05 cx=392 used @[0000]
00 00 00 00 00 00 00 00 00 00 00 00 00 00 00 00 number of ASCII=0001, x=73, y=05 cx=393 used @[0000]
00 00 00 00 00 00 00 00 00 00 00 00 00 00 00 00 number of ASCII=0001, x=74, y=05 cx=394 used @[0000]
00 00 00 00 00 00 00 00 00 00 00 00 00 00 00 00 number of ASCII=0001, x=75, y=05 cx=395 used @[0000]
00 00 00 00 00 00 00 00 00 00 00 00 00 00 00 00 number of ASCII=0001, x=76, y=05 cx=396 used @[0000]
00 00 00 00 00 00 00 00 00 00 00 00 00 00 00 00 number of ASCII=0001, x=77, y=05 cx=397 used @[0000]
00 00 00 00 00 00 00 00 00 00 00 00 00 00 00 00 number of ASCII=0001, x=78, y=05 cx=398 used @[0000]
00 00 00 00 00 00 00 00 00 00 00 00 00 00 00 00 number of ASCII=0001, x=79, y=05 cx=399 used @[0000]
00 00 00 00 00 00 00 00 00 00 00 00 00 00 00 00 number of ASCII=0001, x=80, y=05 cx=400 used @[0000]
00 00 00 00 00 00 00 00 00 00 00 00 00 00 00 00 number of ASCII=0001, x=01, y=06 cx=401 used @[0000]
00 00 00 00 00 00 00 00 00 00 00 00 00 00 00 00 number of ASCII=0001, x=02, y=06 cx=402 used @[0000]
00 00 00 00 00 00 00 00 00 00 00 00 00 00 00 00 number of ASCII=0001, x=03, y=06 cx=403 used @[0000]
00 00 00 00 00 00 00 00 00 00 00 00 00 00 00 00 number of ASCII=0001, x=04, y=06 cx=404 used @[0000]
00 00 00 00 00 00 00 00 00 00 00 00 00 00 00 00 number of ASCII=0001, x=05, y=06 cx=405 used @[0000]
00 00 00 00 00 00 00 00 00 00 00 00 00 00 00 00 number of ASCII=0001, x=06, y=06 cx=406 used @[0000]
00 00 00 00 00 00 00 00 00 00 00 00 00 00 00 00 number of ASCII=0001, x=07, y=06 cx=407 used @[0000]
00 00 00 00 00 00 00 00 00 00 00 00 00 00 00 00 number of ASCII=0001, x=08, y=06 cx=408 used @[0000]
00 00 00 00 00 00 00 00 00 00 00 00 00 00 00 00 number of ASCII=0001, x=09, y=06 cx=409 used @[0000]
00 00 00 00 00 00 00 00 00 00 00 00 00 00 00 00 number of ASCII=0001, x=10, y=06 cx=410 used @[0000]
00 00 00 00 00 00 00 00 00 00 00 00 00 00 00 00 number of ASCII=0001, x=11, y=06 cx=411 used @[0000]
00 00 00 00 00 00 00 00 00 00 00 00 00 00 00 00 number of ASCII=0001, x=12, y=06 cx=412 used @[0000]
00 00 00 00 00 00 00 00 00 00 00 00 00 00 00 00 number of ASCII=0001, x=13, y=06 cx=413 used @[0000]
00 00 00 00 00 00 00 00 00 00 00 00 00 00 00 00 number of ASCII=0001, x=14, y=06 cx=414 used @[0000]
00 00 00 00 00 00 00 00 00 00 00 00 00 00 00 00 number of ASCII=0001, x=15, y=06 cx=415 used @[0000]
00 00 00 00 00 00 00 00 00 00 00 00 00 00 00 00 number of ASCII=0001, x=16, y=06 cx=416 used @[0000]
00 00 00 00 00 00 00 00 00 00 00 00 00 00 00 00 number of ASCII=0001, x=17, y=06 cx=417 used @[0000]
00 00 00 00 00 00 00 00 00 00 00 00 00 00 00 00 number of ASCII=0001, x=18, y=06 cx=418 used @[0000]
00 00 00 00 00 00 00 00 00 00 00 00 00 00 00 00 number of ASCII=0001, x=19, y=06 cx=419 used @[0000]
00 00 00 00 00 00 00 00 00 00 00 00 00 00 00 00 number of ASCII=0001, x=20, y=06 cx=420 used @[0000]
00 00 00 00 00 00 00 00 00 00 00 00 00 00 00 00 number of ASCII=0001, x=21, y=06 cx=421 used @[0000]
00 00 00 00 00 00 00 00 00 00 00 00 00 00 00 00 number of ASCII=0001, x=22, y=06 cx=422 used @[0000]
00 00 00 00 00 00 00 00 00 00 00 00 00 00 00 00 number of ASCII=0001, x=23, y=06 cx=423 used @[0000]
00 00 00 00 00 00 00 00 00 00 00 00 00 00 00 00 number of ASCII=0001, x=24, y=06 cx=424 used @[0000]
00 00 00 00 00 00 00 00 00 00 00 00 00 00 00 00 number of ASCII=0001, x=25, y=06 cx=425 used @[0000]
00 00 00 00 00 00 00 00 00 00 00 00 00 00 00 00 number of ASCII=0001, x=26, y=06 cx=426 used @[0000]
00 00 00 00 00 00 00 00 00 00 00 00 00 00 00 00 number of ASCII=0001, x=27, y=06 cx=427 used @[0000]
00 00 00 00 00 00 00 00 00 00 00 00 00 00 00 00 number of ASCII=0001, x=28, y=06 cx=428 used @[0000]
00 00 00 00 00 00 00 00 00 00 00 00 00 00 00 00 number of ASCII=0001, x=29, y=06 cx=429 used @[0000]
00 00 00 00 00 00 00 00 00 00 00 00 00 00 00 00 number of ASCII=0001, x=30, y=06 cx=430 used @[0000]
00 00 00 00 00 00 00 00 00 00 00 00 00 00 00 00 number of ASCII=0001, x=31, y=06 cx=431 used @[0000]
00 00 00 00 00 00 00 00 00 00 00 00 00 00 00 00 number of ASCII=0001, x=32, y=06 cx=432 used @[0000]
00 00 00 00 00 00 00 00 00 00 00 00 00 00 00 00 number of ASCII=0001, x=33, y=06 cx=433 used @[0000]
00 00 00 00 00 00 00 00 00 00 00 00 00 00 00 00 number of ASCII=0001, x=34, y=06 cx=434 used @[0000]
00 00 00 00 00 00 00 00 00 00 00 00 00 00 00 00 number of ASCII=0001, x=35, y=06 cx=435 used @[0000]
00 00 00 00 00 00 00 00 00 00 00 00 00 00 00 00 number of ASCII=0001, x=36, y=06 cx=436 used @[0000]
00 00 00 00 00 00 00 00 00 00 00 00 00 00 00 00 number of ASCII=0001, x=37, y=06 cx=437 used @[0000]
00 00 00 00 00 00 00 00 00 00 00 00 00 00 00 00 number of ASCII=0001, x=38, y=06 cx=438 used @[0000]
00 00 00 00 00 00 00 00 00 00 00 00 00 00 00 00 number of ASCII=0001, x=39, y=06 cx=439 used @[0000]
00 00 00 00 00 00 00 00 00 00 00 00 00 00 00 00 number of ASCII=0001, x=40, y=06 cx=440 used @[0000]
00 00 00 00 00 00 00 00 00 00 00 00 00 00 00 00 number of ASCII=0001, x=41, y=06 cx=441 used @[0000]
00 00 00 00 00 00 00 00 00 00 00 00 00 00 00 00 number of ASCII=0001, x=42, y=06 cx=442 used @[0000]
00 00 00 00 00 00 00 00 00 00 00 00 00 00 00 00 number of ASCII=0001, x=43, y=06 cx=443 used @[0000]
00 00 00 00 00 00 00 00 00 00 00 00 00 00 00 00 number of ASCII=0001, x=44, y=06 cx=444 used @[0000]
00 00 00 00 00 00 00 00 00 00 00 00 00 00 00 00 number of ASCII=0001, x=45, y=06 cx=445 used @[0000]
00 00 00 00 00 00 00 00 00 00 00 00 00 00 00 00 number of ASCII=0001, x=46, y=06 cx=446 used @[0000]
00 00 00 00 00 00 00 00 00 00 00 00 00 00 00 00 number of ASCII=0001, x=47, y=06 cx=447 used @[0000]
00 00 00 00 00 00 00 00 00 00 00 00 00 00 00 00 number of ASCII=0001, x=48, y=06 cx=448 used @[0000]
00 00 00 00 00 00 00 00 00 00 00 00 00 00 00 00 number of ASCII=0001, x=49, y=06 cx=449 used @[0000]
00 00 00 00 00 00 00 00 00 00 00 00 00 00 00 00 number of ASCII=0001, x=50, y=06 cx=450 used @[0000]
00 00 00 00 00 00 00 00 00 00 00 00 00 00 00 00 number of ASCII=0001, x=51, y=06 cx=451 used @[0000]
00 00 00 00 00 00 00 00 00 00 00 00 00 00 00 00 number of ASCII=0001, x=52, y=06 cx=452 used @[0000]
00 00 00 00 00 00 00 00 00 00 00 00 00 00 00 00 number of ASCII=0001, x=53, y=06 cx=453 used @[0000]
00 00 00 00 00 00 00 00 00 00 00 00 00 00 00 00 number of ASCII=0001, x=54, y=06 cx=454 used @[0000]
00 00 00 00 00 00 00 00 00 00 00 00 00 00 00 00 number of ASCII=0001, x=55, y=06 cx=455 used @[0000]
00 00 00 00 00 00 00 00 00 00 00 00 00 00 00 00 number of ASCII=0001, x=56, y=06 cx=456 used @[0000]
00 00 00 00 00 00 00 00 00 00 00 00 00 00 00 00 number of ASCII=0001, x=57, y=06 cx=457 used @[0000]
00 00 00 00 00 00 00 00 00 00 00 00 00 00 00 00 number of ASCII=0001, x=58, y=06 cx=458 used @[0000]
00 00 00 00 00 00 00 00 00 00 00 00 00 00 00 00 number of ASCII=0001, x=59, y=06 cx=459 used @[0000]
00 00 00 00 00 00 00 00 00 00 00 00 00 00 00 00 number of ASCII=0001, x=60, y=06 cx=460 used @[0000]
00 00 00 00 00 00 00 00 00 00 00 00 00 00 00 00 number of ASCII=0001, x=61, y=06 cx=461 used @[0000]
00 00 00 00 00 00 00 00 00 00 00 00 00 00 00 00 number of ASCII=0001, x=62, y=06 cx=462 used @[0000]
00 00 00 00 00 00 00 00 00 00 00 00 00 00 00 00 number of ASCII=0001, x=63, y=06 cx=463 used @[0000]
00 00 00 00 00 00 00 00 00 00 00 00 00 00 00 00 number of ASCII=0001, x=64, y=06 cx=464 used @[0000]
00 00 00 00 00 00 00 00 00 00 00 00 00 00 00 00 number of ASCII=0001, x=65, y=06 cx=465 used @[0000]
00 00 00 00 00 00 00 00 00 00 00 00 00 00 00 00 number of ASCII=0001, x=66, y=06 cx=466 used @[0000]
00 00 00 00 00 00 00 00 00 00 00 00 00 00 00 00 number of ASCII=0001, x=67, y=06 cx=467 used @[0000]
00 00 00 00 00 00 00 00 00 00 00 00 00 00 00 00 number of ASCII=0001, x=68, y=06 cx=468 used @[0000]
00 00 00 00 00 00 00 00 00 00 00 00 00 00 00 00 number of ASCII=0001, x=69, y=06 cx=469 used @[0000]
00 00 00 00 00 00 00 00 00 00 00 00 00 00 00 00 number of ASCII=0001, x=70, y=06 cx=470 used @[0000]
00 00 00 00 00 00 00 00 00 00 00 00 00 00 00 00 number of ASCII=0001, x=71, y=06 cx=471 used @[0000]
00 00 00 00 00 00 00 00 00 00 00 00 00 00 00 00 number of ASCII=0001, x=72, y=06 cx=472 used @[0000]
00 00 00 00 00 00 00 00 00 00 00 00 00 00 00 00 number of ASCII=0001, x=73, y=06 cx=473 used @[0000]
00 00 00 00 00 00 00 00 00 00 00 00 00 00 00 00 number of ASCII=0001, x=74, y=06 cx=474 used @[0000]
00 00 00 00 00 00 00 00 00 00 00 00 00 00 00 00 number of ASCII=0001, x=75, y=06 cx=475 used @[0000]
00 00 00 00 00 00 00 00 00 00 00 00 00 00 00 00 number of ASCII=0001, x=76, y=06 cx=476 used @[0000]
00 00 00 00 00 00 00 00 00 00 00 00 00 00 00 00 number of ASCII=0001, x=77, y=06 cx=477 used @[0000]
00 00 00 00 00 00 00 00 00 00 00 00 00 00 00 00 number of ASCII=0001, x=78, y=06 cx=478 used @[0000]
00 00 00 00 00 00 00 00 00 00 00 00 00 00 00 00 number of ASCII=0001, x=79, y=06 cx=479 used @[0000]
00 00 00 00 00 00 00 00 00 00 00 00 00 00 00 00 number of ASCII=0001, x=80, y=06 cx=480 used @[0000]
00 00 00 00 00 00 00 00 00 00 00 00 00 00 00 00 number of ASCII=0001, x=01, y=07 cx=481 used @[0000]
00 00 00 00 00 00 00 00 00 00 00 00 00 00 00 00 number of ASCII=0001, x=02, y=07 cx=482 used @[0000]
00 00 00 00 00 00 00 00 00 00 00 00 00 00 00 00 number of ASCII=0001, x=03, y=07 cx=483 used @[0000]
00 00 00 00 00 00 00 00 00 00 00 00 00 00 00 00 number of ASCII=0001, x=04, y=07 cx=484 used @[0000]
00 00 00 00 00 00 00 00 00 00 00 00 00 00 00 00 number of ASCII=0001, x=05, y=07 cx=485 used @[0000]
00 00 00 00 00 00 00 00 00 00 00 00 00 00 00 00 number of ASCII=0001, x=06, y=07 cx=486 used @[0000]
00 00 00 00 00 00 00 00 00 00 00 00 00 00 00 00 number of ASCII=0001, x=07, y=07 cx=487 used @[0000]
00 00 00 00 00 00 00 00 00 00 00 00 00 00 00 00 number of ASCII=0001, x=08, y=07 cx=488 used @[0000]
00 00 00 00 00 00 00 00 00 00 00 00 00 00 00 00 number of ASCII=0001, x=09, y=07 cx=489 used @[0000]
00 00 00 00 00 00 00 00 00 00 00 00 00 00 00 00 number of ASCII=0001, x=10, y=07 cx=490 used @[0000]
00 00 00 00 00 00 00 00 00 00 00 00 00 00 00 00 number of ASCII=0001, x=11, y=07 cx=491 used @[0000]
00 00 00 00 00 00 00 00 00 00 00 00 00 00 00 00 number of ASCII=0001, x=12, y=07 cx=492 used @[0000]
00 00 00 00 00 00 00 00 00 00 00 00 00 00 00 00 number of ASCII=0001, x=13, y=07 cx=493 used @[0000]
00 00 00 00 00 00 00 00 00 00 00 00 00 00 00 00 number of ASCII=0001, x=14, y=07 cx=494 used @[0000]
00 00 00 00 00 00 00 00 00 00 00 00 00 00 00 00 number of ASCII=0001, x=15, y=07 cx=495 used @[0000]
00 00 00 00 00 00 00 00 00 00 00 00 00 00 00 00 number of ASCII=0001, x=16, y=07 cx=496 used @[0000]
00 00 00 00 00 00 00 00 00 00 00 00 00 00 00 00 number of ASCII=0001, x=17, y=07 cx=497 used @[0000]
00 00 00 00 00 00 00 00 00 00 00 00 00 00 00 00 number of ASCII=0001, x=18, y=07 cx=498 used @[0000]
00 00 00 00 00 00 00 00 00 00 00 00 00 00 00 00 number of ASCII=0001, x=19, y=07 cx=499 used @[0000]
00 00 00 00 00 00 00 00 00 00 00 00 00 00 00 00 number of ASCII=0001, x=20, y=07 cx=500 used @[0000]
00 00 00 00 00 00 00 00 00 00 00 00 00 00 00 00 number of ASCII=0001, x=21, y=07 cx=501 used @[0000]
00 00 00 00 00 00 00 00 00 00 00 00 00 00 00 00 number of ASCII=0001, x=22, y=07 cx=502 used @[0000]
00 00 00 00 00 00 00 00 00 00 00 00 00 00 00 00 number of ASCII=0001, x=23, y=07 cx=503 used @[0000]
00 00 00 00 00 00 00 00 00 00 00 00 00 00 00 00 number of ASCII=0001, x=24, y=07 cx=504 used @[0000]
00 00 00 00 00 00 00 00 00 00 00 00 00 00 00 00 number of ASCII=0001, x=25, y=07 cx=505 used @[0000]
00 00 00 00 00 00 00 00 00 00 00 00 00 00 00 00 number of ASCII=0001, x=26, y=07 cx=506 used @[0000]
00 00 00 00 00 00 00 00 00 00 00 00 00 00 00 00 number of ASCII=0001, x=27, y=07 cx=507 used @[0000]
00 00 00 00 00 00 00 00 00 00 00 00 00 00 00 00 number of ASCII=0001, x=28, y=07 cx=508 used @[0000]
00 00 00 00 00 00 00 00 00 00 00 00 00 00 00 00 number of ASCII=0001, x=29, y=07 cx=509 used @[0000]
00 00 00 00 00 00 00 00 00 00 00 00 00 00 00 00 number of ASCII=0001, x=30, y=07 cx=510 used @[0000]
00 00 00 00 00 00 00 00 00 00 00 00 00 00 00 00 number of ASCII=0001, x=31, y=07 cx=511 used @[0000]
00 00 00 00 00 00 00 00 00 00 00 00 00 00 00 00 number of ASCII=0001, x=32, y=07 cx=512 used @[0000]
00 00 00 00 00 00 00 00 00 00 00 00 00 00 00 00 number of ASCII=0001, x=33, y=07 cx=513 used @[0000]
00 00 00 00 00 00 00 00 00 00 00 00 00 00 00 00 number of ASCII=0001, x=34, y=07 cx=514 used @[0000]
00 00 00 00 00 00 00 00 00 00 00 00 00 00 00 00 number of ASCII=0001, x=35, y=07 cx=515 used @[0000]
00 00 00 00 00 00 00 00 00 00 00 00 00 00 00 00 number of ASCII=0001, x=36, y=07 cx=516 used @[0000]
00 00 00 00 00 00 00 00 00 00 00 00 00 00 00 00 number of ASCII=0001, x=37, y=07 cx=517 used @[0000]
00 00 00 00 00 00 00 00 00 00 00 00 00 00 00 00 number of ASCII=0001, x=38, y=07 cx=518 used @[0000]
00 00 00 00 00 00 00 00 00 00 00 00 00 00 00 00 number of ASCII=0001, x=39, y=07 cx=519 used @[0000]
00 00 00 00 00 00 00 00 00 00 00 00 00 00 00 00 number of ASCII=0001, x=40, y=07 cx=520 used @[0000]
00 00 00 00 00 00 00 00 00 00 00 00 00 00 00 00 number of ASCII=0001, x=41, y=07 cx=521 used @[0000]
00 00 00 00 00 00 00 00 00 00 00 00 00 00 00 00 number of ASCII=0001, x=42, y=07 cx=522 used @[0000]
00 00 00 00 00 00 00 00 00 00 00 00 00 00 00 00 number of ASCII=0001, x=43, y=07 cx=523 used @[0000]
00 00 00 00 00 00 00 00 00 00 00 00 00 00 00 00 number of ASCII=0001, x=44, y=07 cx=524 used @[0000]
00 00 00 00 00 00 00 00 00 00 00 00 00 00 00 00 number of ASCII=0001, x=45, y=07 cx=525 used @[0000]
00 00 00 00 00 00 00 00 00 00 00 00 00 00 00 00 number of ASCII=0001, x=46, y=07 cx=526 used @[0000]
00 00 00 00 00 00 00 00 00 00 00 00 00 00 00 00 number of ASCII=0001, x=47, y=07 cx=527 used @[0000]
00 00 00 00 00 00 00 00 00 00 00 00 00 00 00 00 number of ASCII=0001, x=48, y=07 cx=528 used @[0000]
00 00 00 00 00 00 00 00 00 00 00 00 00 00 00 00 number of ASCII=0001, x=49, y=07 cx=529 used @[0000]
00 00 00 00 00 00 00 00 00 00 00 00 00 00 00 00 number of ASCII=0001, x=50, y=07 cx=530 used @[0000]
00 00 00 00 00 00 00 00 00 00 00 00 00 00 00 00 number of ASCII=0001, x=51, y=07 cx=531 used @[0000]
00 00 00 00 00 00 00 00 00 00 00 00 00 00 00 00 number of ASCII=0001, x=52, y=07 cx=532 used @[0000]
00 00 00 00 00 00 00 00 00 00 00 00 00 00 00 00 number of ASCII=0001, x=53, y=07 cx=533 used @[0000]
00 00 00 00 00 00 00 00 00 00 00 00 00 00 00 00 number of ASCII=0001, x=54, y=07 cx=534 used @[0000]
00 00 00 00 00 00 00 00 00 00 00 00 00 00 00 00 number of ASCII=0001, x=55, y=07 cx=535 used @[0000]
00 00 00 00 00 00 00 00 00 00 00 00 00 00 00 00 number of ASCII=0001, x=56, y=07 cx=536 used @[0000]
00 00 00 00 00 00 00 00 00 00 00 00 00 00 00 00 number of ASCII=0001, x=57, y=07 cx=537 used @[0000]
00 00 00 00 00 00 00 00 00 00 00 00 00 00 00 00 number of ASCII=0001, x=58, y=07 cx=538 used @[0000]
00 00 00 00 00 00 00 00 00 00 00 00 00 00 00 00 number of ASCII=0001, x=59, y=07 cx=539 used @[0000]
00 00 00 00 00 00 00 00 00 00 00 00 00 00 00 00 number of ASCII=0001, x=60, y=07 cx=540 used @[0000]
00 00 00 00 00 00 00 00 00 00 00 00 00 00 00 00 number of ASCII=0001, x=61, y=07 cx=541 used @[0000]
00 00 00 00 00 00 00 00 00 00 00 00 00 00 00 00 number of ASCII=0001, x=62, y=07 cx=542 used @[0000]
00 00 00 00 00 00 00 00 00 00 00 00 00 00 00 00 number of ASCII=0001, x=63, y=07 cx=543 used @[0000]
00 00 00 00 00 00 00 00 00 00 00 00 00 00 00 00 number of ASCII=0001, x=64, y=07 cx=544 used @[0000]
00 00 00 00 00 00 00 00 00 00 00 00 00 00 00 00 number of ASCII=0001, x=65, y=07 cx=545 used @[0000]
00 00 00 00 00 00 00 00 00 00 00 00 00 00 00 00 number of ASCII=0001, x=66, y=07 cx=546 used @[0000]
00 00 00 00 00 00 00 00 00 00 00 00 00 00 00 00 number of ASCII=0001, x=67, y=07 cx=547 used @[0000]
00 00 00 00 00 00 00 00 00 00 00 00 00 00 00 00 number of ASCII=0001, x=68, y=07 cx=548 used @[0000]
00 00 00 00 00 00 00 00 00 00 00 00 00 00 00 00 number of ASCII=0001, x=69, y=07 cx=549 used @[0000]
00 00 00 00 00 00 00 00 00 00 00 00 00 00 00 00 number of ASCII=0001, x=70, y=07 cx=550 used @[0000]
00 00 00 00 00 00 00 00 00 00 00 00 00 00 00 00 number of ASCII=0001, x=71, y=07 cx=551 used @[0000]
00 00 00 00 00 00 00 00 00 00 00 00 00 00 00 00 number of ASCII=0001, x=72, y=07 cx=552 used @[0000]
00 00 00 00 00 00 00 00 00 00 00 00 00 00 00 00 number of ASCII=0001, x=73, y=07 cx=553 used @[0000]
00 00 00 00 00 00 00 00 00 00 00 00 00 00 00 00 number of ASCII=0001, x=74, y=07 cx=554 used @[0000]
00 00 00 00 00 00 00 00 00 00 00 00 00 00 00 00 number of ASCII=0001, x=75, y=07 cx=555 used @[0000]
00 00 00 00 00 00 00 00 00 00 00 00 00 00 00 00 number of ASCII=0001, x=76, y=07 cx=556 used @[0000]
00 00 00 00 00 00 00 00 00 00 00 00 00 00 00 00 number of ASCII=0001, x=77, y=07 cx=557 used @[0000]
00 00 00 00 00 00 00 00 00 00 00 00 00 00 00 00 number of ASCII=0001, x=78, y=07 cx=558 used @[0000]
00 00 00 00 00 00 00 00 00 00 00 00 00 00 00 00 number of ASCII=0001, x=79, y=07 cx=559 used @[0000]
00 00 00 00 00 00 00 00 00 00 00 00 00 00 00 00 number of ASCII=0001, x=80, y=07 cx=560 used @[0000]
00 00 00 00 00 00 00 00 00 00 00 00 00 00 00 00 number of ASCII=0001, x=01, y=08 cx=561 used @[0000]
00 00 00 00 00 00 00 00 00 00 00 00 00 00 00 00 number of ASCII=0001, x=02, y=08 cx=562 used @[0000]
00 00 00 00 00 00 00 00 00 00 00 00 00 00 00 00 number of ASCII=0001, x=03, y=08 cx=563 used @[0000]
00 00 00 00 00 00 00 00 00 00 00 00 00 00 00 00 number of ASCII=0001, x=04, y=08 cx=564 used @[0000]
00 00 00 00 00 00 00 00 00 00 00 00 00 00 00 00 number of ASCII=0001, x=05, y=08 cx=565 used @[0000]
00 00 00 00 00 00 00 00 00 00 00 00 00 00 00 00 number of ASCII=0001, x=06, y=08 cx=566 used @[0000]
00 00 00 00 00 00 00 00 00 00 00 00 00 00 00 00 number of ASCII=0001, x=07, y=08 cx=567 used @[0000]
00 00 00 00 00 00 00 00 00 00 00 00 00 00 00 00 number of ASCII=0001, x=08, y=08 cx=568 used @[0000]
00 00 00 00 00 00 00 00 00 00 00 00 00 00 00 00 number of ASCII=0001, x=09, y=08 cx=569 used @[0000]
00 00 00 00 00 00 00 00 00 00 00 00 00 00 00 00 number of ASCII=0001, x=10, y=08 cx=570 used @[0000]
00 00 00 00 00 00 00 00 00 00 00 00 00 00 00 00 number of ASCII=0001, x=11, y=08 cx=571 used @[0000]
00 00 00 00 00 00 00 00 00 00 00 00 00 00 00 00 number of ASCII=0001, x=12, y=08 cx=572 used @[0000]
00 00 00 00 00 00 00 00 00 00 00 00 00 00 00 00 number of ASCII=0001, x=13, y=08 cx=573 used @[0000]
00 00 00 00 00 00 00 00 00 00 00 00 00 00 00 00 number of ASCII=0001, x=14, y=08 cx=574 used @[0000]
00 00 00 00 00 00 00 00 00 00 00 00 00 00 00 00 number of ASCII=0001, x=15, y=08 cx=575 used @[0000]
00 00 00 00 00 00 00 00 00 00 00 00 00 00 00 00 number of ASCII=0001, x=16, y=08 cx=576 used @[0000]
00 00 00 00 00 00 00 00 00 00 00 00 00 00 00 00 number of ASCII=0001, x=17, y=08 cx=577 used @[0000]
00 00 00 00 00 00 00 00 00 00 00 00 00 00 00 00 number of ASCII=0001, x=18, y=08 cx=578 used @[0000]
00 00 00 00 00 00 00 00 00 00 00 00 00 00 00 00 number of ASCII=0001, x=19, y=08 cx=579 used @[0000]
00 00 00 00 00 00 00 00 00 00 00 00 00 00 00 00 number of ASCII=0001, x=20, y=08 cx=580 used @[0000]
00 00 00 00 00 00 00 00 00 00 00 00 00 00 00 00 number of ASCII=0001, x=21, y=08 cx=581 used @[0000]
00 00 00 00 00 00 00 00 00 00 00 00 00 00 00 00 number of ASCII=0001, x=22, y=08 cx=582 used @[0000]
00 00 00 00 00 00 00 00 00 00 00 00 00 00 00 00 number of ASCII=0001, x=23, y=08 cx=583 used @[0000]
00 00 00 00 00 00 00 00 00 00 00 00 00 00 00 00 number of ASCII=0001, x=24, y=08 cx=584 used @[0000]
00 00 00 00 00 00 00 00 00 00 00 00 00 00 00 00 number of ASCII=0001, x=25, y=08 cx=585 used @[0000]
00 00 00 00 00 00 00 00 00 00 00 00 00 00 00 00 number of ASCII=0001, x=26, y=08 cx=586 used @[0000]
00 00 00 00 00 00 00 00 00 00 00 00 00 00 00 00 number of ASCII=0001, x=27, y=08 cx=587 used @[0000]
00 00 00 00 00 00 00 00 00 00 00 00 00 00 00 00 number of ASCII=0001, x=28, y=08 cx=588 used @[0000]
00 00 00 00 00 00 00 00 00 00 00 00 00 00 00 00 number of ASCII=0001, x=29, y=08 cx=589 used @[0000]
00 00 00 00 00 00 00 00 00 00 00 00 00 00 00 00 number of ASCII=0001, x=30, y=08 cx=590 used @[0000]
00 00 00 00 00 00 00 00 00 00 00 00 00 00 00 00 number of ASCII=0001, x=31, y=08 cx=591 used @[0000]
00 00 00 00 00 00 00 00 00 00 00 00 00 00 00 00 number of ASCII=0001, x=32, y=08 cx=592 used @[0000]
00 00 00 00 00 00 00 00 00 00 00 00 00 00 00 00 number of ASCII=0001, x=33, y=08 cx=593 used @[0000]
00 00 00 00 00 00 00 00 00 00 00 00 00 00 00 00 number of ASCII=0001, x=34, y=08 cx=594 used @[0000]
00 00 00 00 00 00 00 00 00 00 00 00 00 00 00 00 number of ASCII=0001, x=35, y=08 cx=595 used @[0000]
00 00 00 00 00 00 00 00 00 00 00 00 00 00 00 00 number of ASCII=0001, x=36, y=08 cx=596 used @[0000]
00 00 00 00 00 00 00 00 00 00 00 00 00 00 00 00 number of ASCII=0001, x=37, y=08 cx=597 used @[0000]
00 00 00 00 00 00 00 00 00 00 00 00 00 00 00 00 number of ASCII=0001, x=38, y=08 cx=598 used @[0000]
00 00 00 00 00 00 00 00 00 00 00 00 00 00 00 00 number of ASCII=0001, x=39, y=08 cx=599 used @[0000]
00 00 00 00 00 00 00 00 00 00 00 00 00 00 00 00 number of ASCII=0001, x=40, y=08 cx=600 used @[0000]
00 00 00 00 00 00 00 00 00 00 00 00 00 00 00 00 number of ASCII=0001, x=41, y=08 cx=601 used @[0000]
00 00 00 00 00 00 00 00 00 00 00 00 00 00 00 00 number of ASCII=0001, x=42, y=08 cx=602 used @[0000]
00 00 00 00 00 00 00 00 00 00 00 00 00 00 00 00 number of ASCII=0001, x=43, y=08 cx=603 used @[0000]
00 00 00 00 00 00 00 00 00 00 00 00 00 00 00 00 number of ASCII=0001, x=44, y=08 cx=604 used @[0000]
00 00 00 00 00 00 00 00 00 00 00 00 00 00 00 00 number of ASCII=0001, x=45, y=08 cx=605 used @[0000]
00 00 00 00 00 00 00 00 00 00 00 00 00 00 00 00 number of ASCII=0001, x=46, y=08 cx=606 used @[0000]
00 00 00 00 00 00 00 00 00 00 00 00 00 00 00 00 number of ASCII=0001, x=47, y=08 cx=607 used @[0000]
00 00 00 00 00 00 00 00 00 00 00 00 00 00 00 00 number of ASCII=0001, x=48, y=08 cx=608 used @[0000]
00 00 00 00 00 00 00 00 00 00 00 00 00 00 00 00 number of ASCII=0001, x=49, y=08 cx=609 used @[0000]
00 00 00 00 00 00 00 00 00 00 00 00 00 00 00 00 number of ASCII=0001, x=50, y=08 cx=610 used @[0000]
00 00 00 00 00 00 00 00 00 00 00 00 00 00 00 00 number of ASCII=0001, x=51, y=08 cx=611 used @[0000]
00 00 00 00 00 00 00 00 00 00 00 00 00 00 00 00 number of ASCII=0001, x=52, y=08 cx=612 used @[0000]
00 00 00 00 00 00 00 00 00 00 00 00 00 00 00 00 number of ASCII=0001, x=53, y=08 cx=613 used @[0000]
00 00 00 00 00 00 00 00 00 00 00 00 00 00 00 00 number of ASCII=0001, x=54, y=08 cx=614 used @[0000]
00 00 00 00 00 00 00 00 00 00 00 00 00 00 00 00 number of ASCII=0001, x=55, y=08 cx=615 used @[0000]
00 00 00 00 00 00 00 00 00 00 00 00 00 00 00 00 number of ASCII=0001, x=56, y=08 cx=616 used @[0000]
00 00 00 00 00 00 00 00 00 00 00 00 00 00 00 00 number of ASCII=0001, x=57, y=08 cx=617 used @[0000]
00 00 00 00 00 00 00 00 00 00 00 00 00 00 00 00 number of ASCII=0001, x=58, y=08 cx=618 used @[0000]
00 00 00 00 00 00 00 00 00 00 00 00 00 00 00 00 number of ASCII=0001, x=59, y=08 cx=619 used @[0000]
00 00 00 00 00 00 00 00 00 00 00 00 00 00 00 00 number of ASCII=0001, x=60, y=08 cx=620 used @[0000]
00 00 00 00 00 00 00 00 00 00 00 00 00 00 00 00 number of ASCII=0001, x=61, y=08 cx=621 used @[0000]
00 00 00 00 00 00 00 00 00 00 00 00 00 00 00 00 number of ASCII=0001, x=62, y=08 cx=622 used @[0000]
00 00 00 00 00 00 00 00 00 00 00 00 00 00 00 00 number of ASCII=0001, x=63, y=08 cx=623 used @[0000]
00 00 00 00 00 00 00 00 00 00 00 00 00 00 00 00 number of ASCII=0001, x=64, y=08 cx=624 used @[0000]
00 00 00 00 00 00 00 00 00 00 00 00 00 00 00 00 number of ASCII=0001, x=65, y=08 cx=625 used @[0000]
00 00 00 00 00 00 00 00 00 00 00 00 00 00 00 00 number of ASCII=0001, x=66, y=08 cx=626 used @[0000]
00 00 00 00 00 00 00 00 00 00 00 00 00 00 00 00 number of ASCII=0001, x=67, y=08 cx=627 used @[0000]
00 00 00 00 00 00 00 00 00 00 00 00 00 00 00 00 number of ASCII=0001, x=68, y=08 cx=628 used @[0000]
00 00 00 00 00 00 00 00 00 00 00 00 00 00 00 00 number of ASCII=0001, x=69, y=08 cx=629 used @[0000]
00 00 00 00 00 00 00 00 00 00 00 00 00 00 00 00 number of ASCII=0001, x=70, y=08 cx=630 used @[0000]
00 00 00 00 00 00 00 00 00 00 00 00 00 00 00 00 number of ASCII=0001, x=71, y=08 cx=631 used @[0000]
00 00 00 00 00 00 00 00 00 00 00 00 00 00 00 00 number of ASCII=0001, x=72, y=08 cx=632 used @[0000]
00 00 00 00 00 00 00 00 00 00 00 00 00 00 00 00 number of ASCII=0001, x=73, y=08 cx=633 used @[0000]
00 00 00 00 00 00 00 00 00 00 00 00 00 00 00 00 number of ASCII=0001, x=74, y=08 cx=634 used @[0000]
00 00 00 00 00 00 00 00 00 00 00 00 00 00 00 00 number of ASCII=0001, x=75, y=08 cx=635 used @[0000]
00 00 00 00 00 00 00 00 00 00 00 00 00 00 00 00 number of ASCII=0001, x=76, y=08 cx=636 used @[0000]
00 00 00 00 00 00 00 00 00 00 00 00 00 00 00 00 number of ASCII=0001, x=77, y=08 cx=637 used @[0000]
00 00 00 00 00 00 00 00 00 00 00 00 00 00 00 00 number of ASCII=0001, x=78, y=08 cx=638 used @[0000]
00 00 00 00 00 00 00 00 00 00 00 00 00 00 00 00 number of ASCII=0001, x=79, y=08 cx=639 used @[0000]
00 00 00 00 00 00 00 00 00 00 00 00 00 00 00 00 number of ASCII=0001, x=80, y=08 cx=640 used @[0000]
00 00 00 00 00 00 00 00 00 00 00 00 00 00 00 00 number of ASCII=0001, x=01, y=09 cx=641 used @[0000]
00 00 00 00 00 00 00 00 00 00 00 00 00 00 00 00 number of ASCII=0001, x=02, y=09 cx=642 used @[0000]
00 00 00 00 00 00 00 00 00 00 00 00 00 00 00 00 number of ASCII=0001, x=03, y=09 cx=643 used @[0000]
00 00 00 00 00 00 00 00 00 00 00 00 00 00 00 00 number of ASCII=0001, x=04, y=09 cx=644 used @[0000]
00 00 00 00 00 00 00 00 00 00 00 00 00 00 00 00 number of ASCII=0001, x=05, y=09 cx=645 used @[0000]
00 00 00 00 00 00 00 00 00 00 00 00 00 00 00 00 number of ASCII=0001, x=06, y=09 cx=646 used @[0000]
00 00 00 00 00 00 00 00 00 00 00 00 00 00 00 00 number of ASCII=0001, x=07, y=09 cx=647 used @[0000]
00 00 00 00 00 00 00 00 00 00 00 00 00 00 00 00 number of ASCII=0001, x=08, y=09 cx=648 used @[0000]
00 00 00 00 00 00 00 00 00 00 00 00 00 00 00 00 number of ASCII=0001, x=09, y=09 cx=649 used @[0000]
00 00 00 00 00 00 00 00 00 00 00 00 00 00 00 00 number of ASCII=0001, x=10, y=09 cx=650 used @[0000]
00 00 00 00 00 00 00 00 00 00 00 00 00 00 00 00 number of ASCII=0001, x=11, y=09 cx=651 used @[0000]
00 00 00 00 00 00 00 00 00 00 00 00 00 00 00 00 number of ASCII=0001, x=12, y=09 cx=652 used @[0000]
00 00 00 00 00 00 00 00 00 00 00 00 00 00 00 00 number of ASCII=0001, x=13, y=09 cx=653 used @[0000]
00 00 00 00 00 00 00 00 00 00 00 00 00 00 00 00 number of ASCII=0001, x=14, y=09 cx=654 used @[0000]
00 00 00 00 00 00 00 00 00 00 00 00 00 00 00 00 number of ASCII=0001, x=15, y=09 cx=655 used @[0000]
00 00 00 00 00 00 00 00 00 00 00 00 00 00 00 00 number of ASCII=0001, x=16, y=09 cx=656 used @[0000]
00 00 00 00 00 00 00 00 00 00 00 00 00 00 00 00 number of ASCII=0001, x=17, y=09 cx=657 used @[0000]
00 00 00 00 00 00 00 00 00 00 00 00 00 00 00 00 number of ASCII=0001, x=18, y=09 cx=658 used @[0000]
00 00 00 00 00 00 00 00 00 00 00 00 00 00 00 00 number of ASCII=0001, x=19, y=09 cx=659 used @[0000]
00 00 00 00 00 00 00 00 00 00 00 00 00 00 00 00 number of ASCII=0001, x=20, y=09 cx=660 used @[0000]
00 00 00 00 00 00 00 00 00 00 00 00 00 00 00 00 number of ASCII=0001, x=21, y=09 cx=661 used @[0000]
00 00 00 00 00 00 00 00 00 00 00 00 00 00 00 00 number of ASCII=0001, x=22, y=09 cx=662 used @[0000]
00 00 00 00 00 00 00 00 00 00 00 00 00 00 00 00 number of ASCII=0001, x=23, y=09 cx=663 used @[0000]
00 00 00 00 00 00 00 00 00 00 00 00 00 00 00 00 number of ASCII=0001, x=24, y=09 cx=664 used @[0000]
00 00 00 00 00 00 00 00 00 00 00 00 00 00 00 00 number of ASCII=0001, x=25, y=09 cx=665 used @[0000]
00 00 00 00 00 00 00 00 00 00 00 00 00 00 00 00 number of ASCII=0001, x=26, y=09 cx=666 used @[0000]
00 00 00 00 00 00 00 00 00 00 00 00 00 00 00 00 number of ASCII=0001, x=27, y=09 cx=667 used @[0000]
00 00 00 00 00 00 00 00 00 00 00 00 00 00 00 00 number of ASCII=0001, x=28, y=09 cx=668 used @[0000]
00 00 00 00 00 00 00 00 00 00 00 00 00 00 00 00 number of ASCII=0001, x=29, y=09 cx=669 used @[0000]
00 00 00 00 00 00 00 00 00 00 00 00 00 00 00 00 number of ASCII=0001, x=30, y=09 cx=670 used @[0000]
00 00 00 00 00 00 00 00 00 00 00 00 00 00 00 00 number of ASCII=0001, x=31, y=09 cx=671 used @[0000]
00 00 00 00 00 00 00 00 00 00 00 00 00 00 00 00 number of ASCII=0001, x=32, y=09 cx=672 used @[0000]
00 00 00 00 00 00 00 00 00 00 00 00 00 00 00 00 number of ASCII=0001, x=33, y=09 cx=673 used @[0000]
00 00 00 00 00 00 00 00 00 00 00 00 00 00 00 00 number of ASCII=0001, x=34, y=09 cx=674 used @[0000]
00 00 00 00 00 00 00 00 00 00 00 00 00 00 00 00 number of ASCII=0001, x=35, y=09 cx=675 used @[0000]
00 00 00 00 00 00 00 00 00 00 00 00 00 00 00 00 number of ASCII=0001, x=36, y=09 cx=676 used @[0000]
00 00 00 00 00 00 00 00 00 00 00 00 00 00 00 00 number of ASCII=0001, x=37, y=09 cx=677 used @[0000]
00 00 00 00 00 00 00 00 00 00 00 00 00 00 00 00 number of ASCII=0001, x=38, y=09 cx=678 used @[0000]
00 00 00 00 00 00 00 00 00 00 00 00 00 00 00 00 number of ASCII=0001, x=39, y=09 cx=679 used @[0000]
00 00 00 00 00 00 00 00 00 00 00 00 00 00 00 00 number of ASCII=0001, x=40, y=09 cx=680 used @[0000]
00 00 00 00 00 00 00 00 00 00 00 00 00 00 00 00 number of ASCII=0001, x=41, y=09 cx=681 used @[0000]
00 00 00 00 00 00 00 00 00 00 00 00 00 00 00 00 number of ASCII=0001, x=42, y=09 cx=682 used @[0000]
00 00 00 00 00 00 00 00 00 00 00 00 00 00 00 00 number of ASCII=0001, x=43, y=09 cx=683 used @[0000]
00 00 00 00 00 00 00 00 00 00 00 00 00 00 00 00 number of ASCII=0001, x=44, y=09 cx=684 used @[0000]
00 00 00 00 00 00 00 00 00 00 00 00 00 00 00 00 number of ASCII=0001, x=45, y=09 cx=685 used @[0000]
00 00 00 00 00 00 00 00 00 00 00 00 00 00 00 00 number of ASCII=0001, x=46, y=09 cx=686 used @[0000]
00 00 00 00 00 00 00 00 00 00 00 00 00 00 00 00 number of ASCII=0001, x=47, y=09 cx=687 used @[0000]
00 00 00 00 00 00 00 00 00 00 00 00 00 00 00 00 number of ASCII=0001, x=48, y=09 cx=688 used @[0000]
00 00 00 00 00 00 00 00 00 00 00 00 00 00 00 00 number of ASCII=0001, x=49, y=09 cx=689 used @[0000]
00 00 00 00 00 00 00 00 00 00 00 00 00 00 00 00 number of ASCII=0001, x=50, y=09 cx=690 used @[0000]
00 00 00 00 00 00 00 00 00 00 00 00 00 00 00 00 number of ASCII=0001, x=51, y=09 cx=691 used @[0000]
00 00 00 00 00 00 00 00 00 00 00 00 00 00 00 00 number of ASCII=0001, x=52, y=09 cx=692 used @[0000]
00 00 00 00 00 00 00 00 00 00 00 00 00 00 00 00 number of ASCII=0001, x=53, y=09 cx=693 used @[0000]
00 00 00 00 00 00 00 00 00 00 00 00 00 00 00 00 number of ASCII=0001, x=54, y=09 cx=694 used @[0000]
00 00 00 00 00 00 00 00 00 00 00 00 00 00 00 00 number of ASCII=0001, x=55, y=09 cx=695 used @[0000]
00 00 00 00 00 00 00 00 00 00 00 00 00 00 00 00 number of ASCII=0001, x=56, y=09 cx=696 used @[0000]
00 00 00 00 00 00 00 00 00 00 00 00 00 00 00 00 number of ASCII=0001, x=57, y=09 cx=697 used @[0000]
00 00 00 00 00 00 00 00 00 00 00 00 00 00 00 00 number of ASCII=0001, x=58, y=09 cx=698 used @[0000]
00 00 00 00 00 00 00 00 00 00 00 00 00 00 00 00 number of ASCII=0001, x=59, y=09 cx=699 used @[0000]
00 00 00 00 00 00 00 00 00 00 00 00 00 00 00 00 number of ASCII=0001, x=60, y=09 cx=700 used @[0000]
00 00 00 00 00 00 00 00 00 00 00 00 00 00 00 00 number of ASCII=0001, x=61, y=09 cx=701 used @[0000]
00 00 00 00 00 00 00 00 00 00 00 00 00 00 00 00 number of ASCII=0001, x=62, y=09 cx=702 used @[0000]
00 00 00 00 00 00 00 00 00 00 00 00 00 00 00 00 number of ASCII=0001, x=63, y=09 cx=703 used @[0000]
00 00 00 00 00 00 00 00 00 00 00 00 00 00 00 00 number of ASCII=0001, x=64, y=09 cx=704 used @[0000]
00 00 00 00 00 00 00 00 00 00 00 00 00 00 00 00 number of ASCII=0001, x=65, y=09 cx=705 used @[0000]
00 00 00 00 00 00 00 00 00 00 00 00 00 00 00 00 number of ASCII=0001, x=66, y=09 cx=706 used @[0000]
00 00 00 00 00 00 00 00 00 00 00 00 00 00 00 00 number of ASCII=0001, x=67, y=09 cx=707 used @[0000]
00 00 00 00 00 00 00 00 00 00 00 00 00 00 00 00 number of ASCII=0001, x=68, y=09 cx=708 used @[0000]
00 00 00 00 00 00 00 00 00 00 00 00 00 00 00 00 number of ASCII=0001, x=69, y=09 cx=709 used @[0000]
00 00 00 00 00 00 00 00 00 00 00 00 00 00 00 00 number of ASCII=0001, x=70, y=09 cx=710 used @[0000]
00 00 00 00 00 00 00 00 00 00 00 00 00 00 00 00 number of ASCII=0001, x=71, y=09 cx=711 used @[0000]
00 00 00 00 00 00 00 00 00 00 00 00 00 00 00 00 number of ASCII=0001, x=72, y=09 cx=712 used @[0000]
00 00 00 00 00 00 00 00 00 00 00 00 00 00 00 00 number of ASCII=0001, x=73, y=09 cx=713 used @[0000]
00 00 00 00 00 00 00 00 00 00 00 00 00 00 00 00 number of ASCII=0001, x=74, y=09 cx=714 used @[0000]
00 00 00 00 00 00 00 00 00 00 00 00 00 00 00 00 number of ASCII=0001, x=75, y=09 cx=715 used @[0000]
00 00 00 00 00 00 00 00 00 00 00 00 00 00 00 00 number of ASCII=0001, x=76, y=09 cx=716 used @[0000]
00 00 00 00 00 00 00 00 00 00 00 00 00 00 00 00 number of ASCII=0001, x=77, y=09 cx=717 used @[0000]
00 00 00 00 00 00 00 00 00 00 00 00 00 00 00 00 number of ASCII=0001, x=78, y=09 cx=718 used @[0000]
00 00 00 00 00 00 00 00 00 00 00 00 00 00 00 00 number of ASCII=0001, x=79, y=09 cx=719 used @[0000]
00 00 00 00 00 00 00 00 00 00 00 00 00 00 00 00 number of ASCII=0001, x=80, y=09 cx=720 used @[0000]
00 00 00 00 00 00 00 00 00 00 00 00 00 00 00 00 number of ASCII=0001, x=01, y=10 cx=721 used @[0000]
00 00 00 00 00 00 00 00 00 00 00 00 00 00 00 00 number of ASCII=0001, x=02, y=10 cx=722 used @[0000]
00 00 00 00 00 00 00 00 00 00 00 00 00 00 00 00 number of ASCII=0001, x=03, y=10 cx=723 used @[0000]
00 00 00 00 00 00 00 00 00 00 00 00 00 00 00 00 number of ASCII=0001, x=04, y=10 cx=724 used @[0000]
00 00 00 00 00 00 00 00 00 00 00 00 00 00 00 00 number of ASCII=0001, x=05, y=10 cx=725 used @[0000]
00 00 00 00 00 00 00 00 00 00 00 00 00 00 00 00 number of ASCII=0001, x=06, y=10 cx=726 used @[0000]
00 00 00 00 00 00 00 00 00 00 00 00 00 00 00 00 number of ASCII=0001, x=07, y=10 cx=727 used @[0000]
00 00 00 00 00 00 00 00 00 00 00 00 00 00 00 00 number of ASCII=0001, x=08, y=10 cx=728 used @[0000]
00 00 00 00 00 00 00 00 00 00 00 00 00 00 00 00 number of ASCII=0001, x=09, y=10 cx=729 used @[0000]
00 00 00 00 00 00 00 00 00 00 00 00 00 00 00 00 number of ASCII=0001, x=10, y=10 cx=730 used @[0000]
00 00 00 00 00 00 00 00 00 00 00 00 00 00 00 00 number of ASCII=0001, x=11, y=10 cx=731 used @[0000]
00 00 00 00 00 00 00 00 00 00 00 00 00 00 00 00 number of ASCII=0001, x=12, y=10 cx=732 used @[0000]
00 00 00 00 00 00 00 00 00 00 00 00 00 00 00 00 number of ASCII=0001, x=13, y=10 cx=733 used @[0000]
00 00 00 00 00 00 00 00 00 00 00 00 00 00 00 00 number of ASCII=0001, x=14, y=10 cx=734 used @[0000]
00 00 00 00 00 00 00 00 00 00 00 00 00 00 00 00 number of ASCII=0001, x=15, y=10 cx=735 used @[0000]
00 00 00 00 00 00 00 00 00 00 00 00 00 00 00 00 number of ASCII=0001, x=16, y=10 cx=736 used @[0000]
00 00 00 00 00 00 00 00 00 00 00 00 00 00 00 00 number of ASCII=0001, x=17, y=10 cx=737 used @[0000]
00 00 00 00 00 00 00 00 00 00 00 00 00 00 00 00 number of ASCII=0001, x=18, y=10 cx=738 used @[0000]
00 00 00 00 00 00 00 00 00 00 00 00 00 00 00 00 number of ASCII=0001, x=19, y=10 cx=739 used @[0000]
00 00 00 00 00 00 00 00 00 00 00 00 00 00 00 00 number of ASCII=0001, x=20, y=10 cx=740 used @[0000]
00 00 00 00 00 00 00 00 00 00 00 00 00 00 00 00 number of ASCII=0001, x=21, y=10 cx=741 used @[0000]
00 00 00 00 00 00 00 00 00 00 00 00 00 00 00 00 number of ASCII=0001, x=22, y=10 cx=742 used @[0000]
00 00 00 00 00 00 00 00 00 00 00 00 00 00 00 00 number of ASCII=0001, x=23, y=10 cx=743 used @[0000]
00 00 00 00 00 00 00 00 00 00 00 00 00 00 00 00 number of ASCII=0001, x=24, y=10 cx=744 used @[0000]
00 00 00 00 00 00 00 00 00 00 00 00 00 00 00 00 number of ASCII=0001, x=25, y=10 cx=745 used @[0000]
00 00 00 00 00 00 00 00 00 00 00 00 00 00 00 00 number of ASCII=0001, x=26, y=10 cx=746 used @[0000]
00 00 00 00 00 00 00 00 00 00 00 00 00 00 00 00 number of ASCII=0001, x=27, y=10 cx=747 used @[0000]
00 00 00 00 00 00 00 00 00 00 00 00 00 00 00 00 number of ASCII=0001, x=28, y=10 cx=748 used @[0000]
00 00 00 00 00 00 00 00 00 00 00 00 00 00 00 00 number of ASCII=0001, x=29, y=10 cx=749 used @[0000]
00 00 00 00 00 00 00 00 00 00 00 00 00 00 00 00 number of ASCII=0001, x=30, y=10 cx=750 used @[0000]
00 00 00 00 00 00 00 00 00 00 00 00 00 00 00 00 number of ASCII=0001, x=31, y=10 cx=751 used @[0000]
00 00 00 00 00 00 00 00 00 00 00 00 00 00 00 00 number of ASCII=0001, x=32, y=10 cx=752 used @[0000]
00 00 00 00 00 00 00 00 00 00 00 00 00 00 00 00 number of ASCII=0001, x=33, y=10 cx=753 used @[0000]
00 00 00 00 00 00 00 00 00 00 00 00 00 00 00 00 number of ASCII=0001, x=34, y=10 cx=754 used @[0000]
00 00 00 00 00 00 00 00 00 00 00 00 00 00 00 00 number of ASCII=0001, x=35, y=10 cx=755 used @[0000]
00 00 00 00 00 00 00 00 00 00 00 00 00 00 00 00 number of ASCII=0001, x=36, y=10 cx=756 used @[0000]
00 00 00 00 00 00 00 00 00 00 00 00 00 00 00 00 number of ASCII=0001, x=37, y=10 cx=757 used @[0000]
00 00 00 00 00 00 00 00 00 00 00 00 00 00 00 00 number of ASCII=0001, x=38, y=10 cx=758 used @[0000]
00 00 00 00 00 00 00 00 00 00 00 00 00 00 00 00 number of ASCII=0001, x=39, y=10 cx=759 used @[0000]
00 00 00 00 00 00 00 00 00 00 00 00 00 00 00 00 number of ASCII=0001, x=40, y=10 cx=760 used @[0000]
00 00 00 00 00 00 00 00 00 00 00 00 00 00 00 00 number of ASCII=0001, x=41, y=10 cx=761 used @[0000]
00 00 00 00 00 00 00 00 00 00 00 00 00 00 00 00 number of ASCII=0001, x=42, y=10 cx=762 used @[0000]
00 00 00 00 00 00 00 00 00 00 00 00 00 00 00 00 number of ASCII=0001, x=43, y=10 cx=763 used @[0000]
00 00 00 00 00 00 00 00 00 00 00 00 00 00 00 00 number of ASCII=0001, x=44, y=10 cx=764 used @[0000]
00 00 00 00 00 00 00 00 00 00 00 00 00 00 00 00 number of ASCII=0001, x=45, y=10 cx=765 used @[0000]
00 00 00 00 00 00 00 00 00 00 00 00 00 00 00 00 number of ASCII=0001, x=46, y=10 cx=766 used @[0000]
00 00 00 00 00 00 00 00 00 00 00 00 00 00 00 00 number of ASCII=0001, x=47, y=10 cx=767 used @[0000]
00 00 00 00 00 00 00 00 00 00 00 00 00 00 00 00 number of ASCII=0001, x=48, y=10 cx=768 used @[0000]
00 00 00 00 00 00 00 00 00 00 00 00 00 00 00 00 number of ASCII=0001, x=49, y=10 cx=769 used @[0000]
00 00 00 00 00 00 00 00 00 00 00 00 00 00 00 00 number of ASCII=0001, x=50, y=10 cx=770 used @[0000]
00 00 00 00 00 00 00 00 00 00 00 00 00 00 00 00 number of ASCII=0001, x=51, y=10 cx=771 used @[0000]
00 00 00 00 00 00 00 00 00 00 00 00 00 00 00 00 number of ASCII=0001, x=52, y=10 cx=772 used @[0000]
00 00 00 00 00 00 00 00 00 00 00 00 00 00 00 00 number of ASCII=0001, x=53, y=10 cx=773 used @[0000]
00 00 00 00 00 00 00 00 00 00 00 00 00 00 00 00 number of ASCII=0001, x=54, y=10 cx=774 used @[0000]
00 00 00 00 00 00 00 00 00 00 00 00 00 00 00 00 number of ASCII=0001, x=55, y=10 cx=775 used @[0000]
00 00 00 00 00 00 00 00 00 00 00 00 00 00 00 00 number of ASCII=0001, x=56, y=10 cx=776 used @[0000]
00 00 00 00 00 00 00 00 00 00 00 00 00 00 00 00 number of ASCII=0001, x=57, y=10 cx=777 used @[0000]
00 00 00 00 00 00 00 00 00 00 00 00 00 00 00 00 number of ASCII=0001, x=58, y=10 cx=778 used @[0000]
00 00 00 00 00 00 00 00 00 00 00 00 00 00 00 00 number of ASCII=0001, x=59, y=10 cx=779 used @[0000]
00 00 00 00 00 00 00 00 00 00 00 00 00 00 00 00 number of ASCII=0001, x=60, y=10 cx=780 used @[0000]
00 00 00 00 00 00 00 00 00 00 00 00 00 00 00 00 number of ASCII=0001, x=61, y=10 cx=781 used @[0000]
00 00 00 00 00 00 00 00 00 00 00 00 00 00 00 00 number of ASCII=0001, x=62, y=10 cx=782 used @[0000]
00 00 00 00 00 00 00 00 00 00 00 00 00 00 00 00 number of ASCII=0001, x=63, y=10 cx=783 used @[0000]
00 00 00 00 00 00 00 00 00 00 00 00 00 00 00 00 number of ASCII=0001, x=64, y=10 cx=784 used @[0000]
00 00 00 00 00 00 00 00 00 00 00 00 00 00 00 00 number of ASCII=0001, x=65, y=10 cx=785 used @[0000]
00 00 00 00 00 00 00 00 00 00 00 00 00 00 00 00 number of ASCII=0001, x=66, y=10 cx=786 used @[0000]
00 00 00 00 00 00 00 00 00 00 00 00 00 00 00 00 number of ASCII=0001, x=67, y=10 cx=787 used @[0000]
00 00 00 00 00 00 00 00 00 00 00 00 00 00 00 00 number of ASCII=0001, x=68, y=10 cx=788 used @[0000]
00 00 00 00 00 00 00 00 00 00 00 00 00 00 00 00 number of ASCII=0001, x=69, y=10 cx=789 used @[0000]
00 00 00 00 00 00 00 00 00 00 00 00 00 00 00 00 number of ASCII=0001, x=70, y=10 cx=790 used @[0000]
00 00 00 00 00 00 00 00 00 00 00 00 00 00 00 00 number of ASCII=0001, x=71, y=10 cx=791 used @[0000]
00 00 00 00 00 00 00 00 00 00 00 00 00 00 00 00 number of ASCII=0001, x=72, y=10 cx=792 used @[0000]
00 00 00 00 00 00 00 00 00 00 00 00 00 00 00 00 number of ASCII=0001, x=73, y=10 cx=793 used @[0000]
00 00 00 00 00 00 00 00 00 00 00 00 00 00 00 00 number of ASCII=0001, x=74, y=10 cx=794 used @[0000]
00 00 00 00 00 00 00 00 00 00 00 00 00 00 00 00 number of ASCII=0001, x=75, y=10 cx=795 used @[0000]
00 00 00 00 00 00 00 00 00 00 00 00 00 00 00 00 number of ASCII=0001, x=76, y=10 cx=796 used @[0000]
00 00 00 00 00 00 00 00 00 00 00 00 00 00 00 00 number of ASCII=0001, x=77, y=10 cx=797 used @[0000]
00 00 00 00 00 00 00 00 00 00 00 00 00 00 00 00 number of ASCII=0001, x=78, y=10 cx=798 used @[0000]
00 00 00 00 00 00 00 00 00 00 00 00 00 00 00 00 number of ASCII=0001, x=79, y=10 cx=799 used @[0000]
00 00 00 00 00 00 00 00 00 00 00 00 00 00 00 00 number of ASCII=0001, x=80, y=10 cx=800 used @[0000]
00 00 00 00 00 00 00 00 00 00 00 00 00 00 00 00 number of ASCII=0001, x=01, y=11 cx=801 used @[0000]
00 00 00 00 00 00 00 00 00 00 00 00 00 00 00 00 number of ASCII=0001, x=02, y=11 cx=802 used @[0000]
00 00 00 00 00 00 00 00 00 00 00 00 00 00 00 00 number of ASCII=0001, x=03, y=11 cx=803 used @[0000]
00 00 00 00 00 00 00 00 00 00 00 00 00 00 00 00 number of ASCII=0001, x=04, y=11 cx=804 used @[0000]
00 00 00 00 00 00 00 00 00 00 00 00 00 00 00 00 number of ASCII=0001, x=05, y=11 cx=805 used @[0000]
00 00 00 00 00 00 00 00 00 00 00 00 00 00 00 00 number of ASCII=0001, x=06, y=11 cx=806 used @[0000]
00 00 00 00 00 00 00 00 00 00 00 00 00 00 00 00 number of ASCII=0001, x=07, y=11 cx=807 used @[0000]
00 00 00 00 0a 0a 2a 2a 2a 2a 2a 2a 2a 2a 2a 2a number of ASCII=0001, x=08, y=11 cx=808
00 00 00 0a aa aa aa aa aa aa aa aa ae ae be ba number of ASCII=0002, x=09, y=11 cx=809
00 00 00 aa aa aa aa aa aa aa aa aa aa aa aa aa number of ASCII=0003, x=10, y=11 cx=810
00 00 00 aa aa aa aa aa aa aa aa aa aa aa aa aa number of ASCII=0004, x=11, y=11 cx=811 used @[0003]
00 00 00 80 aa aa aa aa aa aa aa aa aa aa aa aa number of ASCII=0004, x=12, y=11 cx=812
00 00 00 00 00 80 a0 a8 aa aa aa aa aa aa aa aa number of ASCII=0005, x=13, y=11 cx=813
00 00 00 00 00 00 00 00 00 80 80 a0 a0 a8 a8 a8 number of ASCII=0006, x=14, y=11 cx=814
00 00 00 00 00 00 00 00 00 00 00 00 00 00 00 00 number of ASCII=0007, x=15, y=11 cx=815 used @[0000]
00 00 00 00 02 02 0a 0a 0a 0a 0a 0a 0a 0a 0a 0a number of ASCII=0007, x=16, y=11 cx=816
00 00 00 aa aa aa aa aa aa aa aa aa aa aa aa aa number of ASCII=0008, x=17, y=11 cx=817 used @[0003]
00 00 00 80 a8 a8 a8 aa aa aa aa aa aa aa aa aa number of ASCII=0008, x=18, y=11 cx=818
00 00 00 00 00 02 02 02 02 02 02 02 02 02 02 02 number of ASCII=0009, x=19, y=11 cx=819
00 00 00 2a aa aa aa aa aa aa aa aa aa aa aa aa number of ASCII=0010, x=20, y=11 cx=820
00 00 00 aa aa aa aa aa aa aa aa aa aa aa aa aa number of ASCII=0011, x=21, y=11 cx=821 used @[0003]
00 00 00 aa aa aa aa aa aa aa aa aa ab ab aa aa number of ASCII=0011, x=22, y=11 cx=822
00 00 00 aa aa aa aa aa aa aa aa ff ff ff ff ff number of ASCII=0012, x=23, y=11 cx=823
00 00 00 aa aa aa aa aa aa aa aa aa ea ea aa aa number of ASCII=0013, x=24, y=11 cx=824
00 00 00 aa aa aa aa aa aa aa aa aa aa aa aa aa number of ASCII=0014, x=25, y=11 cx=825 used @[0003]
00 00 00 a8 aa aa aa aa aa aa aa aa aa aa aa aa number of ASCII=0014, x=26, y=11 cx=826
00 00 00 00 00 80 80 80 80 80 80 80 80 80 80 80 number of ASCII=0015, x=27, y=11 cx=827
00 00 00 00 00 00 00 00 00 00 00 02 02 0a 0a 0a number of ASCII=0016, x=28, y=11 cx=828
00 00 00 00 00 00 02 0a 2a 2a aa aa aa aa aa aa number of ASCII=0017, x=29, y=11 cx=829
00 00 00 0a 2a aa aa aa aa aa aa aa aa aa aa aa number of ASCII=0018, x=30, y=11 cx=830
00 00 aa aa aa aa aa aa aa aa aa aa aa aa aa aa number of ASCII=0019, x=31, y=11 cx=831
00 00 aa aa aa aa aa aa aa aa aa aa aa aa aa aa number of ASCII=0020, x=32, y=11 cx=832 used @[0019]
00 00 00 a0 a8 aa aa aa aa aa aa aa aa aa aa aa number of ASCII=0020, x=33, y=11 cx=833
00 00 00 00 00 00 80 a0 a8 aa aa aa aa aa aa aa number of ASCII=0021, x=34, y=11 cx=834
00 00 00 00 00 00 00 00 00 00 00 80 80 a0 a0 a0 number of ASCII=0022, x=35, y=11 cx=835
00 00 00 00 00 00 00 00 00 00 00 00 00 00 00 00 number of ASCII=0023, x=36, y=11 cx=836 used @[0000]
00 00 00 00 00 02 02 02 02 02 02 02 02 02 02 02 number of ASCII=0023, x=37, y=11 cx=837 used @[0009]
00 00 00 2a aa aa aa aa aa aa aa aa aa aa aa aa number of ASCII=0023, x=38, y=11 cx=838 used @[0010]
00 00 00 a0 a8 aa aa aa aa aa aa aa aa aa aa aa number of ASCII=0023, x=39, y=11 cx=839 used @[0020]
00 00 00 00 00 00 00 00 00 00 00 00 00 00 00 00 number of ASCII=0023, x=40, y=11 cx=840 used @[0000]
00 00 00 00 00 00 00 00 00 00 00 00 00 00 00 00 number of ASCII=0023, x=41, y=11 cx=841 used @[0000]
00 00 00 00 00 00 00 00 00 00 00 00 00 00 00 00 number of ASCII=0023, x=42, y=11 cx=842 used @[0000]
00 00 00 00 00 00 00 00 00 00 00 00 00 00 00 00 number of ASCII=0023, x=43, y=11 cx=843 used @[0000]
00 00 00 00 00 00 00 00 00 00 00 00 00 00 00 00 number of ASCII=0023, x=44, y=11 cx=844 used @[0000]
00 00 00 00 00 00 00 00 00 02 02 0a 0a 2a 2a aa number of ASCII=0023, x=45, y=11 cx=845
00 00 00 00 00 0a 2a 2a aa aa aa aa aa aa aa aa number of ASCII=0024, x=46, y=11 cx=846
00 00 02 2a aa aa aa aa aa aa aa aa aa aa aa aa number of ASCII=0025, x=47, y=11 cx=847
00 00 aa aa aa aa aa aa aa aa aa aa aa aa aa aa number of ASCII=0026, x=48, y=11 cx=848 used @[0019]
00 00 a0 aa aa aa aa aa aa aa aa aa aa aa aa aa number of ASCII=0026, x=49, y=11 cx=849
00 00 00 80 a0 a8 aa aa aa aa aa aa aa aa aa aa number of ASCII=0027, x=50, y=11 cx=850
00 00 00 00 00 00 00 80 a0 a0 a8 a8 aa aa aa aa number of ASCII=0028, x=51, y=11 cx=851
00 00 00 00 00 00 00 00 00 00 00 00 00 00 80 80 number of ASCII=0029, x=52, y=11 cx=852
00 00 00 00 00 00 00 00 00 00 00 00 00 00 00 00 number of ASCII=0030, x=53, y=11 cx=853 used @[0000]
00 00 00 00 00 00 00 00 00 00 00 00 00 00 00 00 number of ASCII=0030, x=54, y=11 cx=854 used @[0000]
00 00 00 00 00 00 00 00 02 02 0a 0a 2a 2a aa aa number of ASCII=0030, x=55, y=11 cx=855
00 00 00 00 02 0a 2a aa aa aa aa aa aa aa aa aa number of ASCII=0031, x=56, y=11 cx=856
00 00 02 2a aa aa aa aa aa aa aa aa aa aa aa aa number of ASCII=0032, x=57, y=11 cx=857 used @[0025]
00 00 aa aa aa aa aa aa aa aa aa aa aa aa aa aa number of ASCII=0032, x=58, y=11 cx=858 used @[0019]
00 00 a8 aa aa aa aa aa aa aa aa aa aa aa aa aa number of ASCII=0032, x=59, y=11 cx=859
00 00 00 80 a8 aa aa aa aa aa aa aa aa aa aa aa number of ASCII=0033, x=60, y=11 cx=860
00 00 00 00 00 00 80 a0 a0 a0 a0 a0 a0 a0 a0 a0 number of ASCII=0034, x=61, y=11 cx=861
00 00 00 00 00 00 00 00 00 00 00 00 00 00 00 00 number of ASCII=0035, x=62, y=11 cx=862 used @[0000]
00 00 00 02 0a 2a 2a 2a 2a 2a 2a 2a 2a 2a 2a 2a number of ASCII=0035, x=63, y=11 cx=863
00 00 00 aa aa aa aa aa aa aa aa aa aa aa aa aa number of ASCII=0036, x=64, y=11 cx=864 used @[0003]
00 00 00 00 80 a0 a0 a0 a0 a0 a0 a0 a0 a0 a0 a0 number of ASCII=0036, x=65, y=11 cx=865
00 00 00 00 00 00 00 00 00 00 00 00 00 00 00 00 number of ASCII=0037, x=66, y=11 cx=866 used @[0000]
00 00 00 00 00 00 00 00 00 00 00 00 00 00 00 00 number of ASCII=0037, x=67, y=11 cx=867 used @[0000]
00 00 00 00 00 00 00 00 00 00 00 00 00 00 00 00 number of ASCII=0037, x=68, y=11 cx=868 used @[0000]
00 00 00 00 02 02 0a 0a 0a 0a 2a 2a 2a 2a aa aa number of ASCII=0037, x=69, y=11 cx=869
00 00 00 2a aa aa aa aa aa aa aa aa af af bf bf number of ASCII=0038, x=70, y=11 cx=870
00 00 00 a0 a8 aa aa aa aa aa aa aa aa ea ea ea number of ASCII=0039, x=71, y=11 cx=871
00 00 00 00 00 00 00 00 80 80 80 80 a0 a0 a0 a0 number of ASCII=0040, x=72, y=11 cx=872
00 00 00 00 00 00 00 00 00 00 00 00 00 00 00 00 number of ASCII=0041, x=73, y=11 cx=873 used @[0000]
00 00 00 00 00 00 00 00 00 00 00 00 00 00 00 00 number of ASCII=0041, x=74, y=11 cx=874 used @[0000]
00 00 00 00 00 00 00 00 00 00 00 00 00 00 00 00 number of ASCII=0041, x=75, y=11 cx=875 used @[0000]
00 00 00 00 00 00 00 00 00 00 00 00 00 00 00 00 number of ASCII=0041, x=76, y=11 cx=876 used @[0000]
00 00 00 00 00 00 00 00 00 00 00 00 00 00 00 00 number of ASCII=0041, x=77, y=11 cx=877 used @[0000]
00 00 00 00 00 00 00 00 00 00 00 00 00 00 00 00 number of ASCII=0041, x=78, y=11 cx=878 used @[0000]
00 00 00 00 00 00 00 00 00 00 00 00 00 00 00 00 number of ASCII=0041, x=79, y=11 cx=879 used @[0000]
00 00 00 00 00 00 00 00 00 00 00 00 00 00 00 00 number of ASCII=0041, x=80, y=11 cx=880 used @[0000]
00 00 00 00 00 00 00 00 00 00 00 00 00 00 00 00 number of ASCII=0041, x=01, y=12 cx=881 used @[0000]
00 00 00 00 00 00 00 00 00 00 00 00 00 00 00 00 number of ASCII=0041, x=02, y=12 cx=882 used @[0000]
00 00 00 00 00 00 00 00 00 00 00 00 00 00 00 00 number of ASCII=0041, x=03, y=12 cx=883 used @[0000]
00 00 00 00 00 00 00 00 00 00 00 00 00 00 00 00 number of ASCII=0041, x=04, y=12 cx=884 used @[0000]
00 00 00 00 00 00 00 00 00 00 00 00 00 00 00 00 number of ASCII=0041, x=05, y=12 cx=885 used @[0000]
00 00 00 00 00 00 00 00 00 00 00 00 00 00 00 00 number of ASCII=0041, x=06, y=12 cx=886 used @[0000]
00 00 00 00 00 00 00 00 00 00 00 00 00 00 00 00 number of ASCII=0041, x=07, y=12 cx=887 used @[0000]
2a 2a 2a 2a 2a 2a 2a 2a 2a 2a 2a 2a 2a 2a 2a 2a number of ASCII=0041, x=08, y=12 cx=888
ba ba aa aa aa aa aa aa aa aa aa aa aa aa aa aa number of ASCII=0042, x=09, y=12 cx=889
aa aa aa a8 a0 a0 a0 a0 a0 a0 a0 a0 a0 a0 a8 aa number of ASCII=0043, x=10, y=12 cx=890
aa aa aa 00 00 00 00 00 00 00 00 00 00 00 02 aa number of ASCII=0044, x=11, y=12 cx=891
aa aa aa aa 2a 0a 0a 0a 02 02 0a 0a 0a 2a aa aa number of ASCII=0045, x=12, y=12 cx=892
aa aa aa aa aa aa aa aa aa aa aa aa aa aa aa aa number of ASCII=0046, x=13, y=12 cx=893
a8 a8 aa aa aa aa aa aa aa aa aa aa aa a8 a8 a8 number of ASCII=0047, x=14, y=12 cx=894
00 00 00 00 00 00 00 00 00 00 00 00 00 00 00 00 number of ASCII=0048, x=15, y=12 cx=895 used @[0000]
0a 0a 0a 0a 0a 0a 0a 0a 0a 0a 0a 0a 0a 0a 0a 0a number of ASCII=0048, x=16, y=12 cx=896
aa aa aa aa aa aa aa aa aa aa aa aa aa aa aa aa number of ASCII=0049, x=17, y=12 cx=897 used @[0046]
aa aa aa aa aa aa aa aa aa aa aa aa aa aa aa aa number of ASCII=0049, x=18, y=12 cx=898 used @[0046]
02 02 00 00 00 00 00 00 00 00 00 00 00 00 00 00 number of ASCII=0049, x=19, y=12 cx=899
aa aa aa aa 00 00 00 00 00 00 00 00 00 00 00 00 number of ASCII=0050, x=20, y=12 cx=900
aa aa aa aa 00 00 00 00 00 00 00 00 00 00 00 00 number of ASCII=0051, x=21, y=12 cx=901 used @[0050]
aa aa aa aa aa 2a 2a 2a 2a 2a 2a 2a 2a 2a 2a 2a number of ASCII=0051, x=22, y=12 cx=902
bf be be ae aa aa aa aa aa aa aa aa aa aa aa aa number of ASCII=0052, x=23, y=12 cx=903
aa aa aa aa aa a8 a8 a8 a8 a8 a8 a8 a8 a8 a8 a8 number of ASCII=0053, x=24, y=12 cx=904
aa aa aa aa 00 00 00 00 00 00 00 00 00 00 00 00 number of ASCII=0054, x=25, y=12 cx=905 used @[0050]
aa aa aa aa 00 00 00 00 00 00 00 00 00 00 00 00 number of ASCII=0054, x=26, y=12 cx=906 used @[0050]
80 80 80 00 00 00 00 02 02 02 02 02 02 0a 0a 0a number of ASCII=0054, x=27, y=12 cx=907
2a 2a 2a aa aa aa aa aa aa aa aa aa ab ab ab ab number of ASCII=0055, x=28, y=12 cx=908
ab aa ae aa ba ba aa ea ea ea aa aa aa aa aa aa number of ASCII=0056, x=29, y=12 cx=909
aa aa aa aa aa aa a8 a0 a0 a0 80 80 80 80 00 00 number of ASCII=0057, x=30, y=12 cx=910
aa aa aa a0 00 00 00 00 00 00 00 00 00 00 00 00 number of ASCII=0058, x=31, y=12 cx=911
aa aa aa 0a 00 00 00 00 00 00 00 00 00 00 00 00 number of ASCII=0059, x=32, y=12 cx=912
aa aa aa aa aa aa 2a 0a 0a 0a 02 02 02 02 00 00 number of ASCII=0060, x=33, y=12 cx=913
ea aa ba aa ae ae aa ab ab ab aa aa aa aa aa aa number of ASCII=0061, x=34, y=12 cx=914
a8 a8 a8 aa aa aa aa aa aa aa aa ea ea ea ea ea number of ASCII=0062, x=35, y=12 cx=915
00 00 00 00 00 00 00 80 80 80 80 80 80 a0 a0 a0 number of ASCII=0063, x=36, y=12 cx=916
02 02 02 02 02 02 02 02 02 02 02 02 02 02 02 02 number of ASCII=0064, x=37, y=12 cx=917
aa aa aa aa aa aa aa aa aa aa aa aa aa aa aa aa number of ASCII=0065, x=38, y=12 cx=918 used @[0046]
aa aa aa aa aa aa aa aa aa aa aa aa aa aa aa aa number of ASCII=0065, x=39, y=12 cx=919 used @[0046]
00 00 00 00 00 00 00 00 00 00 00 00 00 00 00 00 number of ASCII=0065, x=40, y=12 cx=920 used @[0000]
00 00 00 00 00 00 00 00 00 00 00 00 00 00 00 00 number of ASCII=0065, x=41, y=12 cx=921 used @[0000]
00 00 00 00 00 00 00 00 00 00 00 00 00 00 00 00 number of ASCII=0065, x=42, y=12 cx=922 used @[0000]
00 00 00 00 00 00 00 00 00 00 00 00 00 00 00 00 number of ASCII=0065, x=43, y=12 cx=923 used @[0000]
00 00 02 02 02 02 0a 0a 0a 0a 0a 2a 2a 2a 2a 2a number of ASCII=0065, x=44, y=12 cx=924
aa aa aa aa aa aa ab ab ab aa ae ae ae ae aa aa number of ASCII=0066, x=45, y=12 cx=925
aa aa ba aa ea aa aa aa aa aa aa aa aa a8 a8 a8 number of ASCII=0067, x=46, y=12 cx=926
aa aa aa aa a8 a0 a0 80 80 00 00 00 00 00 00 00 number of ASCII=0068, x=47, y=12 cx=927
aa aa aa 00 00 00 00 00 00 00 00 00 00 00 00 00 number of ASCII=0069, x=48, y=12 cx=928
aa aa aa 2a 0a 02 00 00 00 00 00 00 00 00 00 00 number of ASCII=0070, x=49, y=12 cx=929
ab aa aa aa aa aa aa aa 2a 2a 2a 0a 0a 0a 0a 02 number of ASCII=0071, x=50, y=12 cx=930
aa aa ea ea aa ba ba aa ae ae ae aa aa ab ab ab number of ASCII=0072, x=51, y=12 cx=931
a0 a0 a0 a0 a8 a8 a8 a8 aa aa aa aa aa aa aa aa number of ASCII=0073, x=52, y=12 cx=932
00 00 00 00 00 00 00 00 00 00 00 00 00 00 00 00 number of ASCII=0074, x=53, y=12 cx=933 used @[0000]
00 02 02 02 0a 0a 0a 0a 2a 2a 2a 2a 2a 2a 2a 2a number of ASCII=0074, x=54, y=12 cx=934
aa aa aa aa aa ab ab aa ae ae ae aa aa ba ba ba number of ASCII=0075, x=55, y=12 cx=935
aa aa aa ea aa aa aa aa aa aa a8 a8 a8 a8 a8 a0 number of ASCII=0076, x=56, y=12 cx=936
aa aa aa aa a8 a0 80 80 00 00 00 00 00 00 00 00 number of ASCII=0077, x=57, y=12 cx=937
aa aa aa 00 00 00 00 00 00 00 00 00 00 00 00 00 number of ASCII=0078, x=58, y=12 cx=938 used @[0069]
aa aa aa 02 00 00 00 00 00 00 00 00 00 00 00 00 number of ASCII=0078, x=59, y=12 cx=939
aa aa aa aa 2a 08 00 00 00 00 00 00 00 00 00 00 number of ASCII=0079, x=60, y=12 cx=940
80 80 80 80 00 00 00 00 00 00 00 00 00 00 00 00 number of ASCII=0080, x=61, y=12 cx=941
00 00 00 00 00 00 00 00 00 00 00 00 00 00 00 00 number of ASCII=0081, x=62, y=12 cx=942 used @[0000]
2a 2a 2a 2a 2a 2a 2a 2a 2a 2a 2a 2a 2a 2a 2a 2a number of ASCII=0081, x=63, y=12 cx=943 used @[0041]
aa aa aa aa aa aa aa aa aa aa aa aa aa aa aa aa number of ASCII=0081, x=64, y=12 cx=944 used @[0046]
a0 a0 a0 a0 a0 a0 a0 a0 a0 a0 a0 a0 a0 a0 a0 a0 number of ASCII=0081, x=65, y=12 cx=945
00 00 00 00 00 00 00 00 00 00 00 00 00 00 00 00 number of ASCII=0082, x=66, y=12 cx=946 used @[0000]
00 00 00 00 00 00 00 00 00 00 00 00 00 00 00 00 number of ASCII=0082, x=67, y=12 cx=947 used @[0000]
00 00 00 02 02 02 02 0a 0a 0a 0a 0a 2a 2a 2a 2a number of ASCII=0082, x=68, y=12 cx=948
aa aa aa aa aa aa aa aa aa aa aa aa aa aa aa aa number of ASCII=0083, x=69, y=12 cx=949 used @[0046]
ba aa aa aa aa aa aa aa aa aa aa aa aa a8 a0 a0 number of ASCII=0083, x=70, y=12 cx=950
fa ba aa aa aa aa aa aa aa aa aa aa aa aa aa aa number of ASCII=0084, x=71, y=12 cx=951
a8 a8 a8 a8 a8 aa aa aa aa aa aa aa aa aa aa aa number of ASCII=0085, x=72, y=12 cx=952
00 00 00 00 00 00 00 00 00 00 80 80 80 80 a0 a0 number of ASCII=0086, x=73, y=12 cx=953
00 00 00 00 00 00 00 00 00 00 00 00 00 00 00 00 number of ASCII=0087, x=74, y=12 cx=954 used @[0000]
00 00 00 00 00 00 00 00 00 00 00 00 00 00 00 00 number of ASCII=0087, x=75, y=12 cx=955 used @[0000]
00 00 00 00 00 00 00 00 00 00 00 00 00 00 00 00 number of ASCII=0087, x=76, y=12 cx=956 used @[0000]
00 00 00 00 00 00 00 00 00 00 00 00 00 00 00 00 number of ASCII=0087, x=77, y=12 cx=957 used @[0000]
00 00 00 00 00 00 00 00 00 00 00 00 00 00 00 00 number of ASCII=0087, x=78, y=12 cx=958 used @[0000]
00 00 00 00 00 00 00 00 00 00 00 00 00 00 00 00 number of ASCII=0087, x=79, y=12 cx=959 used @[0000]
00 00 00 00 00 00 00 00 00 00 00 00 00 00 00 00 number of ASCII=0087, x=80, y=12 cx=960 used @[0000]
00 00 00 00 00 00 00 00 00 00 00 00 00 00 00 00 number of ASCII=0087, x=01, y=13 cx=961 used @[0000]
00 00 00 00 00 00 00 00 00 00 00 00 00 00 00 00 number of ASCII=0087, x=02, y=13 cx=962 used @[0000]
00 00 00 00 00 00 00 00 00 00 00 00 00 00 00 00 number of ASCII=0087, x=03, y=13 cx=963 used @[0000]
00 00 00 00 00 00 00 00 00 00 00 00 00 00 00 00 number of ASCII=0087, x=04, y=13 cx=964 used @[0000]
00 00 00 00 00 00 00 00 00 00 00 00 00 00 00 00 number of ASCII=0087, x=05, y=13 cx=965 used @[0000]
00 00 00 00 00 00 00 00 00 00 00 00 00 00 00 00 number of ASCII=0087, x=06, y=13 cx=966 used @[0000]
00 00 00 00 00 00 00 00 00 00 00 00 00 00 00 00 number of ASCII=0087, x=07, y=13 cx=967 used @[0000]
2a 2a 2a 2a 2a 2a 2a 2a 2a 2a 2a 2a 2a 2a 2a 2a number of ASCII=0087, x=08, y=13 cx=968 used @[0041]
ba ba be be bf bf bf bf bf be be ba ba aa aa aa number of ASCII=0087, x=09, y=13 cx=969
aa aa aa aa aa aa aa aa aa aa aa aa aa aa a8 a0 number of ASCII=0088, x=10, y=13 cx=970
aa aa aa aa aa aa aa aa aa aa aa aa aa aa 00 00 number of ASCII=0089, x=11, y=13 cx=971
aa aa aa aa aa ab ab aa aa aa aa aa aa aa aa 0a number of ASCII=0090, x=12, y=13 cx=972
aa aa aa aa aa aa ea ea ea aa aa aa aa aa aa aa number of ASCII=0091, x=13, y=13 cx=973
a8 a0 a0 a0 a0 a0 a0 a8 a8 aa aa aa aa aa aa aa number of ASCII=0092, x=14, y=13 cx=974
00 00 00 00 00 00 00 00 00 00 00 00 80 80 80 80 number of ASCII=0093, x=15, y=13 cx=975
0a 0a 0a 0a 0a 0a 0a 0a 0a 0a 0a 0a 0a 0a 0a 0a number of ASCII=0094, x=16, y=13 cx=976 used @[0048]
aa aa aa aa aa aa aa aa aa aa aa aa aa aa aa aa number of ASCII=0094, x=17, y=13 cx=977 used @[0046]
aa aa aa aa aa aa aa aa aa aa aa aa aa aa aa aa number of ASCII=0094, x=18, y=13 cx=978 used @[0046]
00 00 00 00 00 00 00 00 00 00 00 00 00 00 00 00 number of ASCII=0094, x=19, y=13 cx=979 used @[0000]
00 00 00 00 00 00 00 00 00 00 00 00 00 00 00 00 number of ASCII=0094, x=20, y=13 cx=980 used @[0000]
00 00 00 00 00 00 00 00 00 00 00 00 00 00 00 00 number of ASCII=0094, x=21, y=13 cx=981 used @[0000]
2a 2a 2a 2a 2a 2a 2a 2a 2a 2a 2a 2a 2a 2a 2a 2a number of ASCII=0094, x=22, y=13 cx=982 used @[0041]
aa aa aa aa aa aa aa aa aa aa aa aa aa aa aa aa number of ASCII=0094, x=23, y=13 cx=983 used @[0046]
a8 a8 a8 a8 a8 a8 a8 a8 a8 a8 a8 a8 a8 a8 a8 a8 number of ASCII=0094, x=24, y=13 cx=984
00 00 00 00 00 00 00 00 00 00 00 00 00 00 00 00 number of ASCII=0095, x=25, y=13 cx=985 used @[0000]
00 00 00 00 00 00 00 00 00 00 00 00 00 00 00 00 number of ASCII=0095, x=26, y=13 cx=986 used @[0000]
0a 0a 0a 0a 0a 0a 0a 0a 0a 0a 0a 0a 0a 0a 0a 0a number of ASCII=0095, x=27, y=13 cx=987 used @[0048]
aa aa aa aa aa aa aa aa aa aa aa aa aa aa aa aa number of ASCII=0095, x=28, y=13 cx=988 used @[0046]
aa aa aa aa aa aa aa aa aa aa aa aa aa aa aa aa number of ASCII=0095, x=29, y=13 cx=989 used @[0046]
00 00 00 00 00 00 00 00 00 00 00 00 00 00 00 00 number of ASCII=0095, x=30, y=13 cx=990 used @[0000]
00 00 00 00 00 00 00 00 00 00 00 00 00 00 00 00 number of ASCII=0095, x=31, y=13 cx=991 used @[0000]
00 00 00 00 00 00 00 00 00 00 00 00 00 00 00 00 number of ASCII=0095, x=32, y=13 cx=992 used @[0000]
00 00 00 00 00 00 00 00 00 00 00 00 00 00 00 00 number of ASCII=0095, x=33, y=13 cx=993 used @[0000]
aa aa aa aa aa aa aa aa aa aa aa aa aa aa aa aa number of ASCII=0095, x=34, y=13 cx=994 used @[0046]
aa aa aa aa aa aa aa aa aa aa aa aa aa aa aa aa number of ASCII=0095, x=35, y=13 cx=995 used @[0046]
a0 a0 a0 a0 a0 a0 a0 a0 a0 a0 a0 a0 a0 a0 a0 a0 number of ASCII=0095, x=36, y=13 cx=996 used @[0081]
02 02 02 02 02 02 02 02 02 02 02 02 02 02 02 02 number of ASCII=0095, x=37, y=13 cx=997 used @[0064]
aa aa aa aa aa aa aa aa aa aa aa aa aa aa aa aa number of ASCII=0095, x=38, y=13 cx=998 used @[0046]
aa aa aa aa aa aa aa aa aa aa aa aa aa aa aa aa number of ASCII=0095, x=39, y=13 cx=999 used @[0046]
00 00 00 00 00 00 00 00 00 00 00 00 00 00 00 00 number of ASCII=0095, x=40, y=13 cx=1000 used @[0000]
00 00 00 00 00 00 00 00 00 00 00 00 00 00 00 00 number of ASCII=0095, x=41, y=13 cx=1001 used @[0000]
00 00 00 00 00 00 00 00 00 00 00 00 00 00 00 00 number of ASCII=0095, x=42, y=13 cx=1002 used @[0000]
00 00 00 00 00 00 00 00 00 00 00 00 00 00 00 00 number of ASCII=0095, x=43, y=13 cx=1003 used @[0000]
2a 2a 2a 2a 2a 2a 2a 2a 2a 2a 2a 2a 2a 2a 2a 2a number of ASCII=0095, x=44, y=13 cx=1004 used @[0041]
aa aa ba ba ba ba ba ba ba ba ba ba ba ba aa aa number of ASCII=0095, x=45, y=13 cx=1005
a8 a8 a8 a8 a8 a0 a0 a0 a0 a0 a0 a8 a8 a8 a8 a8 number of ASCII=0096, x=46, y=13 cx=1006
00 00 00 00 00 00 00 00 00 00 00 00 00 00 00 00 number of ASCII=0097, x=47, y=13 cx=1007 used @[0000]
00 00 00 00 00 00 00 00 00 00 00 00 00 00 00 00 number of ASCII=0097, x=48, y=13 cx=1008 used @[0000]
00 00 00 00 00 00 00 00 00 00 00 00 00 00 00 00 number of ASCII=0097, x=49, y=13 cx=1009 used @[0000]
02 02 02 02 02 02 02 02 02 02 02 02 02 02 02 02 number of ASCII=0097, x=50, y=13 cx=1010 used @[0064]
ab ab ab aa aa aa aa aa aa aa aa aa aa ab ab ab number of ASCII=0097, x=51, y=13 cx=1011
aa aa aa aa aa aa aa aa aa aa aa aa aa aa aa aa number of ASCII=0098, x=52, y=13 cx=1012 used @[0046]
80 80 80 80 80 80 80 80 80 80 80 80 80 80 80 80 number of ASCII=0098, x=53, y=13 cx=1013
aa aa aa aa aa aa aa aa aa aa aa aa aa aa aa aa number of ASCII=0099, x=54, y=13 cx=1014 used @[0046]
ba ba ba ba aa aa aa aa aa aa aa aa ba ba ba ba number of ASCII=0099, x=55, y=13 cx=1015
a0 a0 a0 a0 a0 a0 a0 a0 a0 a0 a0 a0 a0 a0 a0 a0 number of ASCII=0100, x=56, y=13 cx=1016 used @[0081]
00 00 00 00 00 00 00 00 00 00 00 00 00 00 00 00 number of ASCII=0100, x=57, y=13 cx=1017 used @[0000]
00 00 00 00 00 00 00 00 00 00 00 00 00 00 00 00 number of ASCII=0100, x=58, y=13 cx=1018 used @[0000]
00 00 00 00 00 02 0a 0a 0a 0a 0a 0a 0a 0a 0a 0a number of ASCII=0100, x=59, y=13 cx=1019
00 00 00 00 aa aa aa aa aa aa aa aa aa aa aa aa number of ASCII=0101, x=60, y=13 cx=1020
00 00 00 00 80 a0 a8 a8 a8 a8 a8 a8 a8 a8 a8 a8 number of ASCII=0102, x=61, y=13 cx=1021
00 00 00 00 00 00 00 00 00 00 00 00 00 00 00 00 number of ASCII=0103, x=62, y=13 cx=1022 used @[0000]
2a 2a 2a 2a 2a 2a 2a 2a 2a 2a 2a 2a 2a 2a 2a 2a number of ASCII=0103, x=63, y=13 cx=1023 used @[0041]
aa aa aa aa aa aa aa aa aa aa aa aa aa aa aa aa number of ASCII=0103, x=64, y=13 cx=1024 used @[0046]
a0 a0 a0 a0 a0 a0 a0 a0 a0 a0 a0 a0 a0 a0 a0 a0 number of ASCII=0103, x=65, y=13 cx=1025 used @[0081]
00 00 00 00 00 00 00 00 00 00 00 00 00 00 00 00 number of ASCII=0103, x=66, y=13 cx=1026 used @[0000]
00 00 00 00 00 00 02 02 02 02 02 0a 0a 0a 0a 0a number of ASCII=0103, x=67, y=13 cx=1027
2a aa aa aa aa aa aa aa aa aa aa aa aa aa aa ae number of ASCII=0104, x=68, y=13 cx=1028
aa aa aa aa aa aa aa aa aa aa aa aa aa aa aa aa number of ASCII=0105, x=69, y=13 cx=1029 used @[0046]
a0 a0 80 80 80 80 80 80 00 00 00 00 00 aa aa aa number of ASCII=0105, x=70, y=13 cx=1030
aa 2a 2a 2a 2a 2a 0a 0a 0a 0a 0a 0a 0a aa aa aa number of ASCII=0106, x=71, y=13 cx=1031
aa aa aa aa aa aa aa aa aa aa aa aa aa aa ab ab number of ASCII=0107, x=72, y=13 cx=1032
a0 a0 a0 a8 a8 a8 a8 a8 aa aa aa aa aa aa aa aa number of ASCII=0108, x=73, y=13 cx=1033
00 00 00 00 00 00 00 00 00 00 00 00 00 00 80 80 number of ASCII=0109, x=74, y=13 cx=1034 used @[0029]
00 00 00 00 00 00 00 00 00 00 00 00 00 00 00 00 number of ASCII=0109, x=75, y=13 cx=1035 used @[0000]
00 00 00 00 00 00 00 00 00 00 00 00 00 00 00 00 number of ASCII=0109, x=76, y=13 cx=1036 used @[0000]
00 00 00 00 00 00 00 00 00 00 00 00 00 00 00 00 number of ASCII=0109, x=77, y=13 cx=1037 used @[0000]
00 00 00 00 00 00 00 00 00 00 00 00 00 00 00 00 number of ASCII=0109, x=78, y=13 cx=1038 used @[0000]
00 00 00 00 00 00 00 00 00 00 00 00 00 00 00 00 number of ASCII=0109, x=79, y=13 cx=1039 used @[0000]
00 00 00 00 00 00 00 00 00 00 00 00 00 00 00 00 number of ASCII=0109, x=80, y=13 cx=1040 used @[0000]
00 00 00 00 00 00 00 00 00 00 00 00 00 00 00 00 number of ASCII=0109, x=01, y=14 cx=1041 used @[0000]
00 00 00 00 00 00 00 00 00 00 00 00 00 00 00 00 number of ASCII=0109, x=02, y=14 cx=1042 used @[0000]
00 00 00 00 00 00 00 00 00 00 00 00 00 00 00 00 number of ASCII=0109, x=03, y=14 cx=1043 used @[0000]
00 00 00 00 00 00 00 00 00 00 00 00 00 00 00 00 number of ASCII=0109, x=04, y=14 cx=1044 used @[0000]
00 00 00 00 00 00 00 00 00 00 00 00 00 00 00 00 number of ASCII=0109, x=05, y=14 cx=1045 used @[0000]
00 00 00 00 00 00 00 00 00 00 00 00 00 00 00 00 number of ASCII=0109, x=06, y=14 cx=1046 used @[0000]
00 00 00 00 00 00 00 00 00 00 00 00 00 00 00 00 number of ASCII=0109, x=07, y=14 cx=1047 used @[0000]
2a 2a 2a 2a 2a 2a 2a 2a 2a 2a 2a 2a 2a 2a 2a 2a number of ASCII=0109, x=08, y=14 cx=1048 used @[0041]
aa aa aa aa aa aa aa aa aa aa aa aa aa ba ba ba number of ASCII=0109, x=09, y=14 cx=1049
a0 a0 a0 a0 a0 a0 a0 a0 a0 a0 a0 a0 a8 aa aa aa number of ASCII=0110, x=10, y=14 cx=1050
00 00 00 00 00 00 00 00 00 00 00 00 02 aa aa aa number of ASCII=0111, x=11, y=14 cx=1051
02 02 00 00 00 00 00 00 00 02 02 0a aa aa aa aa number of ASCII=0112, x=12, y=14 cx=1052
aa aa aa aa aa aa aa aa aa aa aa aa ab ab ab ae number of ASCII=0113, x=13, y=14 cx=1053
aa aa aa aa aa aa aa aa ea ea ea aa aa aa aa aa number of ASCII=0114, x=14, y=14 cx=1054
80 80 a0 a0 a0 a0 a0 a0 a0 a0 80 80 80 80 80 80 number of ASCII=0115, x=15, y=14 cx=1055
0a 0a 0a 0a 0a 0a 0a 0a 0a 0a 0a 0a 0a 0a 0a 0a number of ASCII=0116, x=16, y=14 cx=1056 used @[0048]
aa aa aa aa aa aa aa aa aa aa aa aa aa aa aa aa number of ASCII=0116, x=17, y=14 cx=1057 used @[0046]
aa aa aa aa aa aa aa aa aa aa aa aa aa aa aa aa number of ASCII=0116, x=18, y=14 cx=1058 used @[0046]
00 00 00 00 00 00 00 00 00 00 00 00 00 00 00 00 number of ASCII=0116, x=19, y=14 cx=1059 used @[0000]
00 00 00 00 00 00 00 00 00 00 00 00 00 00 00 00 number of ASCII=0116, x=20, y=14 cx=1060 used @[0000]
00 00 00 00 00 00 00 00 00 00 00 00 00 00 00 00 number of ASCII=0116, x=21, y=14 cx=1061 used @[0000]
2a 2a 2a 2a 2a 2a 2a 2a 2a 2a 2a 2a 2a 2a 2a 2a number of ASCII=0116, x=22, y=14 cx=1062 used @[0041]
aa aa aa aa aa aa aa aa aa aa aa aa aa aa aa aa number of ASCII=0116, x=23, y=14 cx=1063 used @[0046]
a8 a8 a8 a8 a8 a8 a8 a8 a8 a8 a8 a8 a8 a8 a8 a8 number of ASCII=0116, x=24, y=14 cx=1064 used @[0094]
00 00 00 00 00 00 00 00 00 00 00 00 00 00 00 00 number of ASCII=0116, x=25, y=14 cx=1065 used @[0000]
00 00 00 00 00 00 00 00 00 00 00 00 00 00 00 00 number of ASCII=0116, x=26, y=14 cx=1066 used @[0000]
0a 0a 0a 02 02 02 02 02 02 00 00 00 00 00 00 00 number of ASCII=0116, x=27, y=14 cx=1067
ab ab ab ab aa aa aa aa aa aa aa aa aa 2a 2a 2a number of ASCII=0117, x=28, y=14 cx=1068
aa aa aa aa aa aa ea ea ea ba ba ba ae ae aa ab number of ASCII=0118, x=29, y=14 cx=1069
00 00 80 80 80 80 a0 a0 a8 a8 aa aa aa aa aa aa number of ASCII=0119, x=30, y=14 cx=1070
00 00 00 00 00 00 00 00 00 00 00 80 a8 aa aa aa number of ASCII=0120, x=31, y=14 cx=1071
00 00 00 00 00 00 00 00 00 00 00 02 2a aa aa aa number of ASCII=0121, x=32, y=14 cx=1072
00 00 02 02 02 02 0a 0a 2a 2a aa aa aa aa aa aa number of ASCII=0122, x=33, y=14 cx=1073
aa aa aa aa aa aa ab ab ab ae ae ae ba ba aa ea number of ASCII=0123, x=34, y=14 cx=1074
ea ea ea ea ea aa aa aa aa aa aa aa aa a8 a8 a8 number of ASCII=0124, x=35, y=14 cx=1075
a0 a0 a0 80 80 80 80 80 80 00 00 00 00 00 00 00 number of ASCII=0125, x=36, y=14 cx=1076
02 02 02 02 02 02 02 02 02 02 02 02 02 02 02 02 number of ASCII=0126, x=37, y=14 cx=1077 used @[0064]
aa aa aa aa aa aa aa aa aa aa aa aa ab ab ab ab number of ASCII=0126, x=38, y=14 cx=1078
aa aa aa aa aa aa aa aa aa aa aa aa aa aa ea ea number of ASCII=0127, x=39, y=14 cx=1079
00 00 00 00 00 00 00 00 00 80 80 aa aa aa aa aa number of ASCII=0128, x=40, y=14 cx=1080
00 00 00 00 00 00 00 00 00 00 00 aa aa aa aa aa number of ASCII=0129, x=41, y=14 cx=1081
00 00 00 00 00 00 00 00 00 00 00 aa aa aa aa aa number of ASCII=0130, x=42, y=14 cx=1082 used @[0129]
00 00 00 00 00 00 00 00 00 00 00 80 a8 a8 aa aa number of ASCII=0130, x=43, y=14 cx=1083
2a 2a 2a 2a 2a 0a 0a 0a 0a 0a 02 02 02 02 00 00 number of ASCII=0131, x=44, y=14 cx=1084
aa aa ae ae ae ae aa ab ab ab aa aa aa aa aa aa number of ASCII=0132, x=45, y=14 cx=1085
a8 a8 a8 aa aa aa aa aa aa aa ea ea aa ba aa ae number of ASCII=0133, x=46, y=14 cx=1086
00 00 00 00 00 00 00 80 80 a0 a8 aa aa aa aa aa number of ASCII=0134, x=47, y=14 cx=1087
00 00 00 00 00 00 00 00 00 00 00 00 a0 aa aa aa number of ASCII=0135, x=48, y=14 cx=1088
00 00 00 00 00 00 00 00 00 00 02 0a aa aa aa aa number of ASCII=0136, x=49, y=14 cx=1089
0a 0a 0a 0a 0a 2a 2a 2a aa aa aa aa aa aa ab aa number of ASCII=0137, x=50, y=14 cx=1090
ab ab ab aa aa ae ae ae aa ba ba aa ea ea aa aa number of ASCII=0138, x=51, y=14 cx=1091
aa aa aa aa aa aa aa aa a8 a8 a8 a8 a0 a0 a0 80 number of ASCII=0139, x=52, y=14 cx=1092
00 00 00 00 00 00 00 00 00 00 00 00 00 00 00 00 number of ASCII=0140, x=53, y=14 cx=1093 used @[0000]
2a 2a 2a 2a 2a 2a 2a 2a 0a 0a 0a 0a 0a 02 02 02 number of ASCII=0140, x=54, y=14 cx=1094
ba ba ba ba ae ae ae ae ab ab ab ab aa aa aa aa number of ASCII=0141, x=55, y=14 cx=1095
a8 a8 a8 a8 a8 aa aa aa aa aa aa ea ea ea ba ba number of ASCII=0142, x=56, y=14 cx=1096
00 00 00 00 00 00 00 00 80 a0 a0 a8 aa aa aa aa number of ASCII=0143, x=57, y=14 cx=1097
00 00 00 00 00 00 00 00 00 00 00 00 80 aa aa aa number of ASCII=0144, x=58, y=14 cx=1098
0a 0a 0a 0a 0a 0a 0a 0a 0a 0a 0a 2a aa aa aa aa number of ASCII=0145, x=59, y=14 cx=1099
aa aa aa aa aa aa aa aa aa aa aa aa ae ae ae be number of ASCII=0146, x=60, y=14 cx=1100
a8 a8 a8 a8 a8 a8 a8 a8 a8 a8 a8 a8 a8 a8 a8 a8 number of ASCII=0147, x=61, y=14 cx=1101 used @[0094]
00 00 00 00 00 00 00 00 00 00 00 00 00 00 00 00 number of ASCII=0147, x=62, y=14 cx=1102 used @[0000]
2a 2a 2a 2a 2a 2a 2a 2a 2a 2a 2a 2a 2a 2a 2a 2a number of ASCII=0147, x=63, y=14 cx=1103 used @[0041]
aa aa aa aa aa aa aa aa aa aa aa aa aa aa aa aa number of ASCII=0147, x=64, y=14 cx=1104 used @[0046]
a0 a0 a0 a0 a0 a0 a0 a0 a0 a0 a0 a0 a0 a0 a0 a0 number of ASCII=0147, x=65, y=14 cx=1105 used @[0081]
00 00 00 00 00 00 00 00 00 00 00 02 02 02 02 02 number of ASCII=0147, x=66, y=14 cx=1106
0a 2a 2a 2a 2a 2a aa aa aa aa aa aa aa aa aa aa number of ASCII=0148, x=67, y=14 cx=1107
af af af af bf bf be be ba fa ea ea aa aa aa aa number of ASCII=0149, x=68, y=14 cx=1108
aa aa aa ea ea aa aa aa aa aa aa aa aa a0 80 80 number of ASCII=0150, x=69, y=14 cx=1109
aa aa aa aa aa aa aa aa aa aa aa aa aa 00 00 00 number of ASCII=0151, x=70, y=14 cx=1110
aa aa aa aa aa aa aa aa aa aa aa aa aa 00 00 00 number of ASCII=0152, x=71, y=14 cx=1111 used @[0151]
ab af af bf bf af ab aa aa aa aa aa aa aa 2a 0a number of ASCII=0152, x=72, y=14 cx=1112
aa ea ea ea ea ea fa fa fa ba ba aa aa ae ae aa number of ASCII=0153, x=73, y=14 cx=1113
80 80 80 a0 a0 a0 a0 a0 a8 a8 a8 a8 a8 a8 aa aa number of ASCII=0154, x=74, y=14 cx=1114
00 00 00 00 00 00 00 00 00 00 00 00 00 00 00 00 number of ASCII=0155, x=75, y=14 cx=1115 used @[0000]
00 00 00 00 00 00 00 00 00 00 00 00 00 00 00 00 number of ASCII=0155, x=76, y=14 cx=1116 used @[0000]
00 00 00 00 00 00 00 00 00 00 00 00 00 00 00 00 number of ASCII=0155, x=77, y=14 cx=1117 used @[0000]
00 00 00 00 00 00 00 00 00 00 00 00 00 00 00 00 number of ASCII=0155, x=78, y=14 cx=1118 used @[0000]
00 00 00 00 00 00 00 00 00 00 00 00 00 00 00 00 number of ASCII=0155, x=79, y=14 cx=1119 used @[0000]
00 00 00 00 00 00 00 00 00 00 00 00 00 00 00 00 number of ASCII=0155, x=80, y=14 cx=1120 used @[0000]
00 00 00 00 00 00 00 00 00 00 00 00 00 00 00 00 number of ASCII=0155, x=01, y=15 cx=1121 used @[0000]
00 00 00 00 00 00 00 00 00 00 00 00 00 00 00 00 number of ASCII=0155, x=02, y=15 cx=1122 used @[0000]
00 00 00 00 00 00 00 00 00 00 00 00 00 00 00 00 number of ASCII=0155, x=03, y=15 cx=1123 used @[0000]
00 00 00 00 00 00 00 00 00 00 00 00 00 00 00 00 number of ASCII=0155, x=04, y=15 cx=1124 used @[0000]
00 00 00 00 00 00 00 00 00 00 00 00 00 00 00 00 number of ASCII=0155, x=05, y=15 cx=1125 used @[0000]
00 00 00 00 00 00 00 00 00 00 00 00 00 00 00 00 number of ASCII=0155, x=06, y=15 cx=1126 used @[0000]
00 00 00 00 00 00 00 00 00 00 00 00 00 00 00 00 number of ASCII=0155, x=07, y=15 cx=1127 used @[0000]
2a 2a 2a 2a 2a 2a 2a 2a 2a 2a 0a 02 00 00 00 00 number of ASCII=0155, x=08, y=15 cx=1128
be be ae af aa aa aa aa aa aa aa aa 0a 00 00 00 number of ASCII=0156, x=09, y=15 cx=1129
aa aa aa aa aa aa aa aa aa aa aa aa aa 00 00 00 number of ASCII=0157, x=10, y=15 cx=1130 used @[0151]
aa aa aa aa aa aa aa aa aa aa aa aa aa 00 00 00 number of ASCII=0157, x=11, y=15 cx=1131 used @[0151]
aa aa aa aa aa aa aa aa aa aa aa aa a0 00 00 00 number of ASCII=0157, x=12, y=15 cx=1132
aa aa aa aa aa aa aa aa aa a8 a0 80 00 00 00 00 number of ASCII=0158, x=13, y=15 cx=1133
aa aa aa a8 a8 a0 a0 80 00 00 00 00 00 00 00 00 number of ASCII=0159, x=14, y=15 cx=1134
00 00 00 00 00 00 00 00 00 00 00 00 00 00 00 00 number of ASCII=0160, x=15, y=15 cx=1135 used @[0000]
0a 0a 0a 0a 0a 0a 0a 0a 0a 0a 02 00 00 00 00 00 number of ASCII=0160, x=16, y=15 cx=1136
aa aa aa aa aa aa aa aa aa aa aa aa 00 00 00 00 number of ASCII=0161, x=17, y=15 cx=1137
aa aa aa aa aa aa aa aa a8 a8 a8 a0 00 00 00 00 number of ASCII=0162, x=18, y=15 cx=1138
00 00 00 00 00 00 00 00 00 00 00 00 00 00 00 00 number of ASCII=0163, x=19, y=15 cx=1139 used @[0000]
00 00 00 00 00 00 00 00 00 00 00 00 00 00 00 00 number of ASCII=0163, x=20, y=15 cx=1140 used @[0000]
00 00 00 00 00 00 00 00 00 00 00 00 00 00 00 00 number of ASCII=0163, x=21, y=15 cx=1141 used @[0000]
2a 2a 2a 2a 2a 2a 2a 2a 0a 0a 0a 02 00 00 00 00 number of ASCII=0163, x=22, y=15 cx=1142
aa aa aa aa aa aa aa aa aa aa aa aa 00 00 00 00 number of ASCII=0164, x=23, y=15 cx=1143 used @[0161]
a8 a8 a8 a8 a8 a8 a8 a8 a8 a8 a0 80 00 00 00 00 number of ASCII=0164, x=24, y=15 cx=1144
00 00 00 00 00 00 00 00 00 00 00 00 00 00 00 00 number of ASCII=0165, x=25, y=15 cx=1145 used @[0000]
00 00 00 00 00 00 00 00 00 00 00 00 00 00 00 00 number of ASCII=0165, x=26, y=15 cx=1146 used @[0000]
00 00 00 00 00 00 00 00 00 00 00 00 00 00 00 00 number of ASCII=0165, x=27, y=15 cx=1147 used @[0000]
0a 0a 0a 02 02 00 00 00 00 00 00 00 00 00 00 00 number of ASCII=0165, x=28, y=15 cx=1148
aa aa aa aa aa aa 2a 2a 0a 02 00 00 00 00 00 00 number of ASCII=0166, x=29, y=15 cx=1149
aa aa aa aa aa aa aa aa aa aa aa 2a 02 00 00 00 number of ASCII=0167, x=30, y=15 cx=1150
aa aa aa aa aa aa aa aa aa aa aa aa aa 0a 00 00 number of ASCII=0168, x=31, y=15 cx=1151
aa aa aa aa aa aa aa aa aa aa aa aa aa a0 00 00 number of ASCII=0169, x=32, y=15 cx=1152
aa aa aa aa aa aa aa aa aa aa aa a8 80 00 00 00 number of ASCII=0170, x=33, y=15 cx=1153
aa aa aa aa aa aa a8 a8 a0 80 00 00 00 00 00 00 number of ASCII=0171, x=34, y=15 cx=1154
a0 a0 a0 80 80 00 00 00 00 00 00 00 00 00 00 00 number of ASCII=0172, x=35, y=15 cx=1155
00 00 00 00 00 00 00 00 00 00 00 00 00 00 00 00 number of ASCII=0173, x=36, y=15 cx=1156 used @[0000]
02 02 02 02 02 02 02 02 02 02 00 00 00 00 00 00 number of ASCII=0173, x=37, y=15 cx=1157
ab aa aa aa aa aa aa aa aa aa aa aa 00 00 00 00 number of ASCII=0174, x=38, y=15 cx=1158
fa fa fe ba aa aa aa aa aa aa aa aa 00 00 00 00 number of ASCII=0175, x=39, y=15 cx=1159
aa aa aa aa aa aa aa aa aa aa aa aa 00 00 00 00 number of ASCII=0176, x=40, y=15 cx=1160 used @[0161]
aa aa aa aa aa aa aa aa aa aa aa aa 00 00 00 00 number of ASCII=0176, x=41, y=15 cx=1161 used @[0161]
aa aa aa aa aa aa aa aa aa aa aa aa 00 00 00 00 number of ASCII=0176, x=42, y=15 cx=1162 used @[0161]
aa aa aa aa aa aa aa aa aa a8 a8 a0 00 00 00 00 number of ASCII=0176, x=43, y=15 cx=1163
00 00 00 00 00 00 00 00 00 00 00 00 00 00 00 00 number of ASCII=0177, x=44, y=15 cx=1164 used @[0000]
aa 2a 2a 0a 0a 02 02 00 00 00 00 00 00 00 00 00 number of ASCII=0177, x=45, y=15 cx=1165
aa aa aa aa aa aa aa aa 2a 0a 02 00 00 00 00 00 number of ASCII=0178, x=46, y=15 cx=1166
aa aa aa aa aa aa aa aa aa aa aa aa 0a 00 00 00 number of ASCII=0179, x=47, y=15 cx=1167
aa aa aa aa aa aa aa aa aa aa aa aa aa 2a 00 00 number of ASCII=0180, x=48, y=15 cx=1168
aa aa aa aa aa aa aa aa aa aa aa aa aa 00 00 00 number of ASCII=0181, x=49, y=15 cx=1169 used @[0151]
ae aa aa aa aa aa aa aa aa aa a8 80 00 00 00 00 number of ASCII=0181, x=50, y=15 cx=1170
aa aa aa aa a8 a8 a0 a0 80 00 00 00 00 00 00 00 number of ASCII=0182, x=51, y=15 cx=1171
80 80 00 00 00 00 00 00 00 00 00 00 00 00 00 00 number of ASCII=0183, x=52, y=15 cx=1172
00 00 00 00 00 00 00 00 00 00 00 00 00 00 00 00 number of ASCII=0184, x=53, y=15 cx=1173 used @[0000]
00 00 00 00 00 00 00 00 00 00 00 00 00 00 00 00 number of ASCII=0184, x=54, y=15 cx=1174 used @[0000]
aa aa 2a 2a 0a 0a 02 02 00 00 00 00 00 00 00 00 number of ASCII=0184, x=55, y=15 cx=1175
ae aa aa aa aa aa aa aa aa 2a 0a 02 00 00 00 00 number of ASCII=0185, x=56, y=15 cx=1176
aa aa aa aa aa aa aa aa aa aa aa aa 2a 00 00 00 number of ASCII=0186, x=57, y=15 cx=1177
aa aa aa aa aa aa aa aa aa aa aa aa aa aa 00 00 number of ASCII=0187, x=58, y=15 cx=1178 used @[0089]
aa aa aa aa aa aa aa aa aa aa aa aa aa 80 00 00 number of ASCII=0187, x=59, y=15 cx=1179
be be fa fa aa aa aa aa aa aa aa aa a0 00 00 00 number of ASCII=0188, x=60, y=15 cx=1180
a8 a8 a8 a8 a8 a8 a8 a8 a8 a0 a0 00 00 00 00 00 number of ASCII=0189, x=61, y=15 cx=1181
00 00 00 00 00 00 00 00 00 00 00 00 00 00 00 00 number of ASCII=0190, x=62, y=15 cx=1182 used @[0000]
2a 2a 2a 2a 2a 2a 2a 2a 2a 2a 2a 0a 00 00 00 00 number of ASCII=0190, x=63, y=15 cx=1183
aa aa aa aa aa aa aa aa aa aa aa aa 00 00 00 00 number of ASCII=0191, x=64, y=15 cx=1184 used @[0161]
a0 a0 a0 a0 a0 a0 a0 a0 a0 a0 80 80 00 00 00 00 number of ASCII=0191, x=65, y=15 cx=1185
02 0a 0a 0a 0a 0a 0a 0a 2a 0a 0a 02 00 00 00 00 number of ASCII=0192, x=66, y=15 cx=1186
aa aa aa aa aa aa aa aa aa aa aa aa 00 00 00 00 number of ASCII=0193, x=67, y=15 cx=1187 used @[0161]
aa aa aa aa aa aa a8 a8 a8 a8 a0 a0 00 00 00 00 number of ASCII=0193, x=68, y=15 cx=1188
00 00 00 00 00 00 00 00 00 00 00 00 00 00 00 00 number of ASCII=0194, x=69, y=15 cx=1189 used @[0000]
00 00 00 00 00 00 00 00 00 00 00 00 00 00 00 00 number of ASCII=0194, x=70, y=15 cx=1190 used @[0000]
00 00 00 00 00 00 00 00 00 00 00 00 00 00 00 00 number of ASCII=0194, x=71, y=15 cx=1191 used @[0000]
0a 0a 0a 0a 02 02 02 02 02 00 00 00 00 00 00 00 number of ASCII=0194, x=72, y=15 cx=1192
aa aa aa aa aa aa aa aa aa aa aa 2a 00 00 00 00 number of ASCII=0195, x=73, y=15 cx=1193
aa aa aa aa aa aa aa aa aa aa aa aa 00 00 00 00 number of ASCII=0196, x=74, y=15 cx=1194 used @[0161]
00 00 00 00 80 80 80 80 80 80 80 00 00 00 00 00 number of ASCII=0196, x=75, y=15 cx=1195
00 00 00 00 00 00 00 00 00 00 00 00 00 00 00 00 number of ASCII=0197, x=76, y=15 cx=1196 used @[0000]
00 00 00 00 00 00 00 00 00 00 00 00 00 00 00 00 number of ASCII=0197, x=77, y=15 cx=1197 used @[0000]
00 00 00 00 00 00 00 00 00 00 00 00 00 00 00 00 number of ASCII=0197, x=78, y=15 cx=1198 used @[0000]
00 00 00 00 00 00 00 00 00 00 00 00 00 00 00 00 number of ASCII=0197, x=79, y=15 cx=1199 used @[0000]
00 00 00 00 00 00 00 00 00 00 00 00 00 00 00 00 number of ASCII=0197, x=80, y=15 cx=1200 used @[0000]
00 00 00 00 00 00 00 00 00 00 00 00 00 00 00 00 number of ASCII=0197, x=01, y=16 cx=1201 used @[0000]
00 00 00 00 00 00 00 00 00 00 00 00 00 00 00 00 number of ASCII=0197, x=02, y=16 cx=1202 used @[0000]
00 00 00 00 00 00 00 00 00 00 00 00 00 00 00 00 number of ASCII=0197, x=03, y=16 cx=1203 used @[0000]
00 00 00 00 00 00 00 00 00 00 00 00 00 00 00 00 number of ASCII=0197, x=04, y=16 cx=1204 used @[0000]
00 00 00 00 00 00 00 00 00 00 00 00 00 00 00 00 number of ASCII=0197, x=05, y=16 cx=1205 used @[0000]
00 00 00 00 00 00 00 00 00 00 00 00 00 00 00 00 number of ASCII=0197, x=06, y=16 cx=1206 used @[0000]
00 00 00 00 00 00 00 00 00 00 00 00 00 00 00 00 number of ASCII=0197, x=07, y=16 cx=1207 used @[0000]
00 00 00 00 00 00 00 00 00 00 00 00 00 00 00 00 number of ASCII=0197, x=08, y=16 cx=1208 used @[0000]
00 00 00 00 00 00 00 00 00 00 00 00 00 00 00 00 number of ASCII=0197, x=09, y=16 cx=1209 used @[0000]
00 00 00 00 00 00 00 00 00 00 00 00 00 00 00 00 number of ASCII=0197, x=10, y=16 cx=1210 used @[0000]
00 00 00 00 00 00 00 00 00 00 00 00 00 00 00 00 number of ASCII=0197, x=11, y=16 cx=1211 used @[0000]
00 00 00 00 00 00 00 00 00 00 00 00 00 00 00 00 number of ASCII=0197, x=12, y=16 cx=1212 used @[0000]
00 00 00 00 00 00 00 00 00 00 00 00 00 00 00 00 number of ASCII=0197, x=13, y=16 cx=1213 used @[0000]
00 00 00 00 00 00 00 00 00 00 00 00 00 00 00 00 number of ASCII=0197, x=14, y=16 cx=1214 used @[0000]
00 00 00 00 00 00 00 00 00 00 00 00 00 00 00 00 number of ASCII=0197, x=15, y=16 cx=1215 used @[0000]
00 00 00 00 00 00 00 00 00 00 00 00 00 00 00 00 number of ASCII=0197, x=16, y=16 cx=1216 used @[0000]
00 00 00 00 00 00 00 00 00 00 00 00 00 00 00 00 number of ASCII=0197, x=17, y=16 cx=1217 used @[0000]
00 00 00 00 00 00 00 00 00 00 00 00 00 00 00 00 number of ASCII=0197, x=18, y=16 cx=1218 used @[0000]
00 00 00 00 00 00 00 00 00 00 00 00 00 00 00 00 number of ASCII=0197, x=19, y=16 cx=1219 used @[0000]
00 00 00 00 00 00 00 00 00 00 00 00 00 00 00 00 number of ASCII=0197, x=20, y=16 cx=1220 used @[0000]
00 00 00 00 00 00 00 00 00 00 00 00 00 00 00 00 number of ASCII=0197, x=21, y=16 cx=1221 used @[0000]
00 00 00 00 00 00 00 00 00 00 00 00 00 00 00 00 number of ASCII=0197, x=22, y=16 cx=1222 used @[0000]
00 00 00 00 00 00 00 00 00 00 00 00 00 00 00 00 number of ASCII=0197, x=23, y=16 cx=1223 used @[0000]
00 00 00 00 00 00 00 00 00 00 00 00 00 00 00 00 number of ASCII=0197, x=24, y=16 cx=1224 used @[0000]
00 00 00 00 00 00 00 00 00 00 00 00 00 00 00 00 number of ASCII=0197, x=25, y=16 cx=1225 used @[0000]
00 00 00 00 00 00 00 00 00 00 00 00 00 00 00 00 number of ASCII=0197, x=26, y=16 cx=1226 used @[0000]
00 00 00 00 00 00 00 00 00 00 00 00 00 00 00 00 number of ASCII=0197, x=27, y=16 cx=1227 used @[0000]
00 00 00 00 00 00 00 00 00 00 00 00 00 00 00 00 number of ASCII=0197, x=28, y=16 cx=1228 used @[0000]
00 00 00 00 00 00 00 00 00 00 00 00 00 00 00 00 number of ASCII=0197, x=29, y=16 cx=1229 used @[0000]
00 00 00 00 00 00 00 00 00 00 00 00 00 00 00 00 number of ASCII=0197, x=30, y=16 cx=1230 used @[0000]
00 00 00 00 00 00 00 00 00 00 00 00 00 00 00 00 number of ASCII=0197, x=31, y=16 cx=1231 used @[0000]
00 00 00 00 00 00 00 00 00 00 00 00 00 00 00 00 number of ASCII=0197, x=32, y=16 cx=1232 used @[0000]
00 00 00 00 00 00 00 00 00 00 00 00 00 00 00 00 number of ASCII=0197, x=33, y=16 cx=1233 used @[0000]
00 00 00 00 00 00 00 00 00 00 00 00 00 00 00 00 number of ASCII=0197, x=34, y=16 cx=1234 used @[0000]
00 00 00 00 00 00 00 00 00 00 00 00 00 00 00 00 number of ASCII=0197, x=35, y=16 cx=1235 used @[0000]
00 00 00 00 00 00 00 00 00 00 00 00 00 00 00 00 number of ASCII=0197, x=36, y=16 cx=1236 used @[0000]
00 00 00 00 00 00 00 00 00 00 00 00 00 00 00 00 number of ASCII=0197, x=37, y=16 cx=1237 used @[0000]
00 00 00 00 00 00 00 00 00 00 00 00 00 00 00 00 number of ASCII=0197, x=38, y=16 cx=1238 used @[0000]
00 00 00 00 00 00 00 00 00 00 00 00 00 00 00 00 number of ASCII=0197, x=39, y=16 cx=1239 used @[0000]
00 00 00 00 00 00 00 00 00 00 00 00 00 00 00 00 number of ASCII=0197, x=40, y=16 cx=1240 used @[0000]
00 00 00 00 00 00 00 00 00 00 00 00 00 00 00 00 number of ASCII=0197, x=41, y=16 cx=1241 used @[0000]
00 00 00 00 00 00 00 00 00 00 00 00 00 00 00 00 number of ASCII=0197, x=42, y=16 cx=1242 used @[0000]
00 00 00 00 00 00 00 00 00 00 00 00 00 00 00 00 number of ASCII=0197, x=43, y=16 cx=1243 used @[0000]
00 00 00 00 00 00 00 00 00 00 00 00 00 00 00 00 number of ASCII=0197, x=44, y=16 cx=1244 used @[0000]
00 00 00 00 00 00 00 00 00 00 00 00 00 00 00 00 number of ASCII=0197, x=45, y=16 cx=1245 used @[0000]
00 00 00 00 00 00 00 00 00 00 00 00 00 00 00 00 number of ASCII=0197, x=46, y=16 cx=1246 used @[0000]
00 00 00 00 00 00 00 00 00 00 00 00 00 00 00 00 number of ASCII=0197, x=47, y=16 cx=1247 used @[0000]
00 00 00 00 00 00 00 00 00 00 00 00 00 00 00 00 number of ASCII=0197, x=48, y=16 cx=1248 used @[0000]
00 00 00 00 00 00 00 00 00 00 00 00 00 00 00 00 number of ASCII=0197, x=49, y=16 cx=1249 used @[0000]
00 00 00 00 00 00 00 00 00 00 00 00 00 00 00 00 number of ASCII=0197, x=50, y=16 cx=1250 used @[0000]
00 00 00 00 00 00 00 00 00 00 00 00 00 00 00 00 number of ASCII=0197, x=51, y=16 cx=1251 used @[0000]
00 00 00 00 00 00 00 00 00 00 00 00 00 00 00 00 number of ASCII=0197, x=52, y=16 cx=1252 used @[0000]
00 00 00 00 00 00 00 00 00 00 00 00 00 00 00 00 number of ASCII=0197, x=53, y=16 cx=1253 used @[0000]
00 00 00 00 00 00 00 00 00 00 00 00 00 00 00 00 number of ASCII=0197, x=54, y=16 cx=1254 used @[0000]
00 00 00 00 00 00 00 00 00 00 00 00 00 00 00 00 number of ASCII=0197, x=55, y=16 cx=1255 used @[0000]
00 00 00 00 00 00 00 00 00 00 00 00 00 00 00 00 number of ASCII=0197, x=56, y=16 cx=1256 used @[0000]
00 00 00 00 00 00 00 00 00 00 00 00 00 00 00 00 number of ASCII=0197, x=57, y=16 cx=1257 used @[0000]
00 00 00 00 00 00 00 00 00 00 00 00 00 00 00 00 number of ASCII=0197, x=58, y=16 cx=1258 used @[0000]
00 00 00 00 00 00 00 00 00 00 00 00 00 00 00 00 number of ASCII=0197, x=59, y=16 cx=1259 used @[0000]
00 00 00 00 00 00 00 00 00 00 00 00 00 00 00 00 number of ASCII=0197, x=60, y=16 cx=1260 used @[0000]
00 00 00 00 00 00 00 00 00 00 00 00 00 00 00 00 number of ASCII=0197, x=61, y=16 cx=1261 used @[0000]
00 00 00 00 00 00 00 00 00 00 00 00 00 00 00 00 number of ASCII=0197, x=62, y=16 cx=1262 used @[0000]
00 00 00 00 00 00 00 00 00 00 00 00 00 00 00 00 number of ASCII=0197, x=63, y=16 cx=1263 used @[0000]
00 00 00 00 00 00 00 00 00 00 00 00 00 00 00 00 number of ASCII=0197, x=64, y=16 cx=1264 used @[0000]
00 00 00 00 00 00 00 00 00 00 00 00 00 00 00 00 number of ASCII=0197, x=65, y=16 cx=1265 used @[0000]
00 00 00 00 00 00 00 00 00 00 00 00 00 00 00 00 number of ASCII=0197, x=66, y=16 cx=1266 used @[0000]
00 00 00 00 00 00 00 00 00 00 00 00 00 00 00 00 number of ASCII=0197, x=67, y=16 cx=1267 used @[0000]
00 00 00 00 00 00 00 00 00 00 00 00 00 00 00 00 number of ASCII=0197, x=68, y=16 cx=1268 used @[0000]
00 00 00 00 00 00 00 00 00 00 00 00 00 00 00 00 number of ASCII=0197, x=69, y=16 cx=1269 used @[0000]
00 00 00 00 00 00 00 00 00 00 00 00 00 00 00 00 number of ASCII=0197, x=70, y=16 cx=1270 used @[0000]
00 00 00 00 00 00 00 00 00 00 00 00 00 00 00 00 number of ASCII=0197, x=71, y=16 cx=1271 used @[0000]
00 00 00 00 00 00 00 00 00 00 00 00 00 00 00 00 number of ASCII=0197, x=72, y=16 cx=1272 used @[0000]
00 00 00 00 00 00 00 00 00 00 00 00 00 00 00 00 number of ASCII=0197, x=73, y=16 cx=1273 used @[0000]
00 00 00 00 00 00 00 00 00 00 00 00 00 00 00 00 number of ASCII=0197, x=74, y=16 cx=1274 used @[0000]
00 00 00 00 00 00 00 00 00 00 00 00 00 00 00 00 number of ASCII=0197, x=75, y=16 cx=1275 used @[0000]
00 00 00 00 00 00 00 00 00 00 00 00 00 00 00 00 number of ASCII=0197, x=76, y=16 cx=1276 used @[0000]
00 00 00 00 00 00 00 00 00 00 00 00 00 00 00 00 number of ASCII=0197, x=77, y=16 cx=1277 used @[0000]
00 00 00 00 00 00 00 00 00 00 00 00 00 00 00 00 number of ASCII=0197, x=78, y=16 cx=1278 used @[0000]
00 00 00 00 00 00 00 00 00 00 00 00 00 00 00 00 number of ASCII=0197, x=79, y=16 cx=1279 used @[0000]
00 00 00 00 00 00 00 00 00 00 00 00 00 00 00 00 number of ASCII=0197, x=80, y=16 cx=1280 used @[0000]
00 00 00 00 00 00 00 00 00 00 00 00 00 00 00 00 number of ASCII=0197, x=01, y=17 cx=1281 used @[0000]
00 00 00 00 00 00 00 00 00 00 00 00 00 00 00 00 number of ASCII=0197, x=02, y=17 cx=1282 used @[0000]
00 00 00 00 00 00 00 00 00 00 00 00 00 00 00 00 number of ASCII=0197, x=03, y=17 cx=1283 used @[0000]
00 00 00 00 00 00 00 00 00 00 00 00 00 00 00 00 number of ASCII=0197, x=04, y=17 cx=1284 used @[0000]
00 00 00 00 00 00 00 00 00 00 00 00 00 00 00 00 number of ASCII=0197, x=05, y=17 cx=1285 used @[0000]
00 00 00 00 00 00 00 00 00 00 00 00 00 00 00 00 number of ASCII=0197, x=06, y=17 cx=1286 used @[0000]
00 00 00 00 00 00 00 00 00 00 00 00 00 00 00 00 number of ASCII=0197, x=07, y=17 cx=1287 used @[0000]
00 00 00 00 00 00 00 00 00 00 00 00 00 00 00 00 number of ASCII=0197, x=08, y=17 cx=1288 used @[0000]
00 00 00 00 00 00 00 00 00 00 00 00 00 00 00 00 number of ASCII=0197, x=09, y=17 cx=1289 used @[0000]
00 00 00 00 00 00 00 00 00 00 00 00 00 00 00 00 number of ASCII=0197, x=10, y=17 cx=1290 used @[0000]
00 00 00 00 00 00 00 00 00 00 00 00 00 00 00 00 number of ASCII=0197, x=11, y=17 cx=1291 used @[0000]
00 00 00 00 00 00 00 00 00 00 00 00 00 00 00 00 number of ASCII=0197, x=12, y=17 cx=1292 used @[0000]
00 00 00 00 00 00 00 00 00 00 00 00 00 00 00 00 number of ASCII=0197, x=13, y=17 cx=1293 used @[0000]
00 00 00 00 00 00 00 00 00 00 00 00 00 00 00 00 number of ASCII=0197, x=14, y=17 cx=1294 used @[0000]
00 00 00 00 00 00 00 00 00 00 00 00 00 00 00 00 number of ASCII=0197, x=15, y=17 cx=1295 used @[0000]
00 00 00 00 00 00 00 00 00 00 00 00 00 00 00 00 number of ASCII=0197, x=16, y=17 cx=1296 used @[0000]
00 00 00 00 00 00 00 00 00 00 00 00 00 00 00 00 number of ASCII=0197, x=17, y=17 cx=1297 used @[0000]
00 00 00 00 00 00 00 00 00 00 00 00 00 00 00 00 number of ASCII=0197, x=18, y=17 cx=1298 used @[0000]
00 00 00 00 00 00 00 00 00 00 00 00 00 00 00 00 number of ASCII=0197, x=19, y=17 cx=1299 used @[0000]
00 00 00 00 00 00 00 00 00 00 00 00 00 00 00 00 number of ASCII=0197, x=20, y=17 cx=1300 used @[0000]
00 00 00 00 00 00 00 00 00 00 00 00 00 00 00 00 number of ASCII=0197, x=21, y=17 cx=1301 used @[0000]
00 00 00 00 00 00 00 00 00 00 00 00 00 00 00 00 number of ASCII=0197, x=22, y=17 cx=1302 used @[0000]
00 00 00 00 00 00 00 00 00 00 00 00 00 00 00 00 number of ASCII=0197, x=23, y=17 cx=1303 used @[0000]
00 00 00 00 00 00 00 00 00 00 00 00 00 00 00 00 number of ASCII=0197, x=24, y=17 cx=1304 used @[0000]
00 00 00 00 00 00 00 00 00 00 00 00 00 00 00 00 number of ASCII=0197, x=25, y=17 cx=1305 used @[0000]
00 00 00 00 00 00 00 00 00 00 00 00 00 00 00 00 number of ASCII=0197, x=26, y=17 cx=1306 used @[0000]
00 00 00 00 00 00 00 00 00 00 00 00 00 00 00 00 number of ASCII=0197, x=27, y=17 cx=1307 used @[0000]
00 00 00 00 00 00 00 00 00 00 00 00 00 00 00 00 number of ASCII=0197, x=28, y=17 cx=1308 used @[0000]
00 00 00 00 00 00 00 00 00 00 00 00 00 00 00 00 number of ASCII=0197, x=29, y=17 cx=1309 used @[0000]
00 00 00 00 00 00 00 00 00 00 00 00 00 00 00 00 number of ASCII=0197, x=30, y=17 cx=1310 used @[0000]
00 00 00 00 00 00 00 00 00 00 00 00 00 00 00 00 number of ASCII=0197, x=31, y=17 cx=1311 used @[0000]
00 00 00 00 00 00 00 00 00 00 00 00 00 00 00 00 number of ASCII=0197, x=32, y=17 cx=1312 used @[0000]
00 00 00 00 00 00 00 00 00 00 00 00 00 00 00 00 number of ASCII=0197, x=33, y=17 cx=1313 used @[0000]
00 00 00 00 00 00 00 00 00 00 00 00 00 00 00 00 number of ASCII=0197, x=34, y=17 cx=1314 used @[0000]
00 00 00 00 00 00 00 00 00 00 00 00 00 00 00 00 number of ASCII=0197, x=35, y=17 cx=1315 used @[0000]
00 00 00 00 00 00 00 00 00 00 00 00 00 00 00 00 number of ASCII=0197, x=36, y=17 cx=1316 used @[0000]
00 00 00 00 00 00 00 00 00 00 00 00 00 00 00 00 number of ASCII=0197, x=37, y=17 cx=1317 used @[0000]
00 00 00 00 00 00 00 00 00 00 00 00 00 00 00 00 number of ASCII=0197, x=38, y=17 cx=1318 used @[0000]
00 00 00 00 00 00 00 00 00 00 00 00 00 00 00 00 number of ASCII=0197, x=39, y=17 cx=1319 used @[0000]
00 00 00 00 00 00 00 00 00 00 00 00 00 00 00 00 number of ASCII=0197, x=40, y=17 cx=1320 used @[0000]
00 00 00 00 00 00 00 00 00 00 00 00 00 00 00 00 number of ASCII=0197, x=41, y=17 cx=1321 used @[0000]
00 00 00 00 00 00 00 00 00 00 00 00 00 00 00 00 number of ASCII=0197, x=42, y=17 cx=1322 used @[0000]
00 00 00 00 00 00 00 00 00 00 00 00 00 00 00 00 number of ASCII=0197, x=43, y=17 cx=1323 used @[0000]
00 00 00 00 00 00 00 00 00 00 00 00 00 00 00 00 number of ASCII=0197, x=44, y=17 cx=1324 used @[0000]
00 00 00 00 00 00 00 00 00 00 00 00 00 00 00 00 number of ASCII=0197, x=45, y=17 cx=1325 used @[0000]
00 00 00 00 00 00 00 00 00 00 00 00 00 00 00 00 number of ASCII=0197, x=46, y=17 cx=1326 used @[0000]
00 00 00 00 00 00 00 00 00 00 00 00 00 00 00 00 number of ASCII=0197, x=47, y=17 cx=1327 used @[0000]
00 00 00 00 00 00 00 00 00 00 00 00 00 00 00 00 number of ASCII=0197, x=48, y=17 cx=1328 used @[0000]
00 00 00 00 00 00 00 00 00 00 00 00 00 00 00 00 number of ASCII=0197, x=49, y=17 cx=1329 used @[0000]
00 00 00 00 00 00 00 00 00 00 00 00 00 00 00 00 number of ASCII=0197, x=50, y=17 cx=1330 used @[0000]
00 00 00 00 00 00 00 00 00 00 00 00 00 00 00 00 number of ASCII=0197, x=51, y=17 cx=1331 used @[0000]
00 00 00 00 00 00 00 00 00 00 00 00 00 00 00 00 number of ASCII=0197, x=52, y=17 cx=1332 used @[0000]
00 00 00 00 00 00 00 00 00 00 00 00 00 00 00 00 number of ASCII=0197, x=53, y=17 cx=1333 used @[0000]
00 00 00 00 00 00 00 00 00 00 00 00 00 00 00 00 number of ASCII=0197, x=54, y=17 cx=1334 used @[0000]
00 00 00 00 00 00 00 00 00 00 00 00 00 00 00 00 number of ASCII=0197, x=55, y=17 cx=1335 used @[0000]
00 00 00 00 00 00 00 00 00 00 00 00 00 00 00 00 number of ASCII=0197, x=56, y=17 cx=1336 used @[0000]
00 00 00 00 00 00 00 00 00 00 00 00 00 00 00 00 number of ASCII=0197, x=57, y=17 cx=1337 used @[0000]
00 00 00 00 00 00 00 00 00 00 00 00 00 00 00 00 number of ASCII=0197, x=58, y=17 cx=1338 used @[0000]
00 00 00 00 00 00 00 00 00 00 00 00 00 00 00 00 number of ASCII=0197, x=59, y=17 cx=1339 used @[0000]
00 00 00 00 00 00 00 00 00 00 00 00 00 00 00 00 number of ASCII=0197, x=60, y=17 cx=1340 used @[0000]
00 00 00 00 00 00 00 00 00 00 00 00 00 00 00 00 number of ASCII=0197, x=61, y=17 cx=1341 used @[0000]
00 00 00 00 00 00 00 00 00 00 00 00 00 00 00 00 number of ASCII=0197, x=62, y=17 cx=1342 used @[0000]
00 00 00 00 00 00 00 00 00 00 00 00 00 00 00 00 number of ASCII=0197, x=63, y=17 cx=1343 used @[0000]
00 00 00 00 00 00 00 00 00 00 00 00 00 00 00 00 number of ASCII=0197, x=64, y=17 cx=1344 used @[0000]
00 00 00 00 00 00 00 00 00 00 00 00 00 00 00 00 number of ASCII=0197, x=65, y=17 cx=1345 used @[0000]
00 00 00 00 00 00 00 00 00 00 00 00 00 00 00 00 number of ASCII=0197, x=66, y=17 cx=1346 used @[0000]
00 00 00 00 00 00 00 00 00 00 00 00 00 00 00 00 number of ASCII=0197, x=67, y=17 cx=1347 used @[0000]
00 00 00 00 00 00 00 00 00 00 00 00 00 00 00 00 number of ASCII=0197, x=68, y=17 cx=1348 used @[0000]
00 00 00 00 00 00 00 00 00 00 00 00 00 00 00 00 number of ASCII=0197, x=69, y=17 cx=1349 used @[0000]
00 00 00 00 00 00 00 00 00 00 00 00 00 00 00 00 number of ASCII=0197, x=70, y=17 cx=1350 used @[0000]
00 00 00 00 00 00 00 00 00 00 00 00 00 00 00 00 number of ASCII=0197, x=71, y=17 cx=1351 used @[0000]
00 00 00 00 00 00 00 00 00 00 00 00 00 00 00 00 number of ASCII=0197, x=72, y=17 cx=1352 used @[0000]
00 00 00 00 00 00 00 00 00 00 00 00 00 00 00 00 number of ASCII=0197, x=73, y=17 cx=1353 used @[0000]
00 00 00 00 00 00 00 00 00 00 00 00 00 00 00 00 number of ASCII=0197, x=74, y=17 cx=1354 used @[0000]
00 00 00 00 00 00 00 00 00 00 00 00 00 00 00 00 number of ASCII=0197, x=75, y=17 cx=1355 used @[0000]
00 00 00 00 00 00 00 00 00 00 00 00 00 00 00 00 number of ASCII=0197, x=76, y=17 cx=1356 used @[0000]
00 00 00 00 00 00 00 00 00 00 00 00 00 00 00 00 number of ASCII=0197, x=77, y=17 cx=1357 used @[0000]
00 00 00 00 00 00 00 00 00 00 00 00 00 00 00 00 number of ASCII=0197, x=78, y=17 cx=1358 used @[0000]
00 00 00 00 00 00 00 00 00 00 00 00 00 00 00 00 number of ASCII=0197, x=79, y=17 cx=1359 used @[0000]
00 00 00 00 00 00 00 00 00 00 00 00 00 00 00 00 number of ASCII=0197, x=80, y=17 cx=1360 used @[0000]
00 00 00 00 00 00 00 00 00 00 00 00 00 00 00 00 number of ASCII=0197, x=01, y=18 cx=1361 used @[0000]
00 00 00 00 00 00 00 00 00 00 00 00 00 00 00 00 number of ASCII=0197, x=02, y=18 cx=1362 used @[0000]
00 00 00 00 00 00 00 00 00 00 00 00 00 00 00 00 number of ASCII=0197, x=03, y=18 cx=1363 used @[0000]
00 00 00 00 00 00 00 00 00 00 00 00 00 00 00 00 number of ASCII=0197, x=04, y=18 cx=1364 used @[0000]
00 00 00 00 00 00 00 00 00 00 00 00 00 00 00 00 number of ASCII=0197, x=05, y=18 cx=1365 used @[0000]
00 00 00 00 00 00 00 00 00 00 00 00 00 00 00 00 number of ASCII=0197, x=06, y=18 cx=1366 used @[0000]
00 00 00 00 00 00 00 00 00 00 00 00 00 00 00 00 number of ASCII=0197, x=07, y=18 cx=1367 used @[0000]
00 00 00 00 00 00 00 00 00 00 00 00 00 00 00 00 number of ASCII=0197, x=08, y=18 cx=1368 used @[0000]
00 00 00 00 00 00 00 00 00 00 00 00 00 00 00 00 number of ASCII=0197, x=09, y=18 cx=1369 used @[0000]
00 00 00 00 00 00 00 00 00 00 00 00 00 00 00 00 number of ASCII=0197, x=10, y=18 cx=1370 used @[0000]
00 00 00 00 00 00 00 00 00 00 00 00 00 00 00 00 number of ASCII=0197, x=11, y=18 cx=1371 used @[0000]
00 00 00 00 00 00 00 00 00 00 00 00 00 00 00 00 number of ASCII=0197, x=12, y=18 cx=1372 used @[0000]
00 00 00 00 00 00 00 00 00 00 00 00 00 00 00 00 number of ASCII=0197, x=13, y=18 cx=1373 used @[0000]
00 00 00 00 00 00 00 00 00 00 00 00 00 00 00 00 number of ASCII=0197, x=14, y=18 cx=1374 used @[0000]
00 00 00 00 00 00 00 00 00 00 00 00 00 00 00 00 number of ASCII=0197, x=15, y=18 cx=1375 used @[0000]
00 00 00 00 00 00 00 00 00 00 00 00 00 00 00 00 number of ASCII=0197, x=16, y=18 cx=1376 used @[0000]
00 00 00 00 00 00 00 00 00 00 00 00 00 00 00 00 number of ASCII=0197, x=17, y=18 cx=1377 used @[0000]
00 00 00 00 00 00 00 00 00 00 00 00 00 00 00 00 number of ASCII=0197, x=18, y=18 cx=1378 used @[0000]
00 00 00 00 00 00 00 00 00 00 00 00 00 00 00 00 number of ASCII=0197, x=19, y=18 cx=1379 used @[0000]
00 00 00 00 00 00 00 00 00 00 00 00 00 00 00 00 number of ASCII=0197, x=20, y=18 cx=1380 used @[0000]
00 00 00 00 00 00 00 00 00 00 00 00 00 00 00 00 number of ASCII=0197, x=21, y=18 cx=1381 used @[0000]
00 00 00 00 00 00 00 00 00 00 00 00 00 00 00 00 number of ASCII=0197, x=22, y=18 cx=1382 used @[0000]
00 00 00 00 00 00 00 00 00 00 00 00 00 00 00 00 number of ASCII=0197, x=23, y=18 cx=1383 used @[0000]
00 00 00 00 00 00 00 00 00 00 00 00 00 00 00 00 number of ASCII=0197, x=24, y=18 cx=1384 used @[0000]
00 00 00 00 00 00 00 00 00 00 00 00 00 00 00 00 number of ASCII=0197, x=25, y=18 cx=1385 used @[0000]
00 00 00 00 00 00 00 00 00 00 00 00 00 00 00 00 number of ASCII=0197, x=26, y=18 cx=1386 used @[0000]
00 00 00 00 00 00 00 00 00 00 00 00 00 00 00 00 number of ASCII=0197, x=27, y=18 cx=1387 used @[0000]
00 00 00 00 00 00 00 00 00 00 00 00 00 00 00 00 number of ASCII=0197, x=28, y=18 cx=1388 used @[0000]
00 00 00 00 00 00 00 00 00 00 00 00 00 00 00 00 number of ASCII=0197, x=29, y=18 cx=1389 used @[0000]
00 00 00 00 00 00 00 00 00 00 00 00 00 00 00 00 number of ASCII=0197, x=30, y=18 cx=1390 used @[0000]
00 00 00 00 00 00 00 00 00 00 00 00 00 00 00 00 number of ASCII=0197, x=31, y=18 cx=1391 used @[0000]
00 00 00 00 00 00 00 00 00 00 00 00 00 00 00 00 number of ASCII=0197, x=32, y=18 cx=1392 used @[0000]
00 00 00 00 00 00 00 00 00 00 00 00 00 00 00 00 number of ASCII=0197, x=33, y=18 cx=1393 used @[0000]
00 00 00 00 00 00 00 00 00 00 00 00 00 00 00 00 number of ASCII=0197, x=34, y=18 cx=1394 used @[0000]
00 00 00 00 00 00 00 00 00 00 00 00 00 00 00 00 number of ASCII=0197, x=35, y=18 cx=1395 used @[0000]
00 00 00 00 00 00 00 00 00 00 00 00 00 00 00 00 number of ASCII=0197, x=36, y=18 cx=1396 used @[0000]
00 00 00 00 00 00 00 00 00 00 00 00 00 00 00 00 number of ASCII=0197, x=37, y=18 cx=1397 used @[0000]
00 00 00 00 00 00 00 00 00 00 00 00 00 00 00 00 number of ASCII=0197, x=38, y=18 cx=1398 used @[0000]
00 00 00 00 00 00 00 00 00 00 00 00 00 00 00 00 number of ASCII=0197, x=39, y=18 cx=1399 used @[0000]
00 00 00 00 00 00 00 00 00 00 00 00 00 00 00 00 number of ASCII=0197, x=40, y=18 cx=1400 used @[0000]
00 00 00 00 00 00 00 00 00 00 00 00 00 00 00 00 number of ASCII=0197, x=41, y=18 cx=1401 used @[0000]
00 00 00 00 00 00 00 00 00 00 00 00 00 00 00 00 number of ASCII=0197, x=42, y=18 cx=1402 used @[0000]
00 00 00 00 00 00 00 00 00 00 00 00 00 00 00 00 number of ASCII=0197, x=43, y=18 cx=1403 used @[0000]
00 00 00 00 00 00 00 00 00 00 00 00 00 00 00 00 number of ASCII=0197, x=44, y=18 cx=1404 used @[0000]
00 00 00 00 00 00 00 00 00 00 00 00 00 00 00 00 number of ASCII=0197, x=45, y=18 cx=1405 used @[0000]
00 00 00 00 00 00 00 00 00 00 00 00 00 00 00 00 number of ASCII=0197, x=46, y=18 cx=1406 used @[0000]
00 00 00 00 00 00 00 00 00 00 00 00 00 00 00 00 number of ASCII=0197, x=47, y=18 cx=1407 used @[0000]
00 00 00 00 00 00 00 00 00 00 00 00 00 00 00 00 number of ASCII=0197, x=48, y=18 cx=1408 used @[0000]
00 00 00 00 00 00 00 00 00 00 00 00 00 00 00 00 number of ASCII=0197, x=49, y=18 cx=1409 used @[0000]
00 00 00 00 00 00 00 00 00 00 00 00 00 00 00 00 number of ASCII=0197, x=50, y=18 cx=1410 used @[0000]
00 00 00 00 00 00 00 00 00 00 00 00 00 00 00 00 number of ASCII=0197, x=51, y=18 cx=1411 used @[0000]
00 00 00 00 00 00 00 00 00 00 00 00 00 00 00 00 number of ASCII=0197, x=52, y=18 cx=1412 used @[0000]
00 00 00 00 00 00 00 00 00 00 00 00 00 00 00 00 number of ASCII=0197, x=53, y=18 cx=1413 used @[0000]
00 00 00 00 00 00 00 00 00 00 00 00 00 00 00 00 number of ASCII=0197, x=54, y=18 cx=1414 used @[0000]
00 00 00 00 00 00 00 00 00 00 00 00 00 00 00 00 number of ASCII=0197, x=55, y=18 cx=1415 used @[0000]
00 00 00 00 00 00 00 00 00 00 00 00 00 00 00 00 number of ASCII=0197, x=56, y=18 cx=1416 used @[0000]
00 00 00 00 00 00 00 00 00 00 00 00 00 00 00 00 number of ASCII=0197, x=57, y=18 cx=1417 used @[0000]
00 00 00 00 00 00 00 00 00 00 00 00 00 00 00 00 number of ASCII=0197, x=58, y=18 cx=1418 used @[0000]
00 00 00 00 00 00 00 00 00 00 00 00 00 00 00 00 number of ASCII=0197, x=59, y=18 cx=1419 used @[0000]
00 00 00 00 00 00 00 00 00 00 00 00 00 00 00 00 number of ASCII=0197, x=60, y=18 cx=1420 used @[0000]
00 00 00 00 00 00 00 00 00 00 00 00 00 00 00 00 number of ASCII=0197, x=61, y=18 cx=1421 used @[0000]
00 00 00 00 00 00 00 00 00 00 00 00 00 00 00 00 number of ASCII=0197, x=62, y=18 cx=1422 used @[0000]
00 00 00 00 00 00 00 00 00 00 00 00 00 00 00 00 number of ASCII=0197, x=63, y=18 cx=1423 used @[0000]
00 00 00 00 00 00 00 00 00 00 00 00 00 00 00 00 number of ASCII=0197, x=64, y=18 cx=1424 used @[0000]
00 00 00 00 00 00 00 00 00 00 00 00 00 00 00 00 number of ASCII=0197, x=65, y=18 cx=1425 used @[0000]
00 00 00 00 00 00 00 00 00 00 00 00 00 00 00 00 number of ASCII=0197, x=66, y=18 cx=1426 used @[0000]
00 00 00 00 00 00 00 00 00 00 00 00 00 00 00 00 number of ASCII=0197, x=67, y=18 cx=1427 used @[0000]
00 00 00 00 00 00 00 00 00 00 00 00 00 00 00 00 number of ASCII=0197, x=68, y=18 cx=1428 used @[0000]
00 00 00 00 00 00 00 00 00 00 00 00 00 00 00 00 number of ASCII=0197, x=69, y=18 cx=1429 used @[0000]
00 00 00 00 00 00 00 00 00 00 00 00 00 00 00 00 number of ASCII=0197, x=70, y=18 cx=1430 used @[0000]
00 00 00 00 00 00 00 00 00 00 00 00 00 00 00 00 number of ASCII=0197, x=71, y=18 cx=1431 used @[0000]
00 00 00 00 00 00 00 00 00 00 00 00 00 00 00 00 number of ASCII=0197, x=72, y=18 cx=1432 used @[0000]
00 00 00 00 00 00 00 00 00 00 00 00 00 00 00 00 number of ASCII=0197, x=73, y=18 cx=1433 used @[0000]
00 00 00 00 00 00 00 00 00 00 00 00 00 00 00 00 number of ASCII=0197, x=74, y=18 cx=1434 used @[0000]
00 00 00 00 00 00 00 00 00 00 00 00 00 00 00 00 number of ASCII=0197, x=75, y=18 cx=1435 used @[0000]
00 00 00 00 00 00 00 00 00 00 00 00 00 00 00 00 number of ASCII=0197, x=76, y=18 cx=1436 used @[0000]
00 00 00 00 00 00 00 00 00 00 00 00 00 00 00 00 number of ASCII=0197, x=77, y=18 cx=1437 used @[0000]
00 00 00 00 00 00 00 00 00 00 00 00 00 00 00 00 number of ASCII=0197, x=78, y=18 cx=1438 used @[0000]
00 00 00 00 00 00 00 00 00 00 00 00 00 00 00 00 number of ASCII=0197, x=79, y=18 cx=1439 used @[0000]
00 00 00 00 00 00 00 00 00 00 00 00 00 00 00 00 number of ASCII=0197, x=80, y=18 cx=1440 used @[0000]
00 00 00 00 00 00 00 00 00 00 00 00 00 00 00 00 number of ASCII=0197, x=01, y=19 cx=1441 used @[0000]
00 00 00 00 00 00 00 00 00 00 00 00 00 00 00 00 number of ASCII=0197, x=02, y=19 cx=1442 used @[0000]
00 00 00 00 00 00 00 00 00 00 00 00 00 00 00 00 number of ASCII=0197, x=03, y=19 cx=1443 used @[0000]
00 00 00 00 00 00 00 00 00 00 00 00 00 00 00 00 number of ASCII=0197, x=04, y=19 cx=1444 used @[0000]
00 00 00 00 00 00 00 00 00 00 00 00 00 00 00 00 number of ASCII=0197, x=05, y=19 cx=1445 used @[0000]
00 00 00 00 00 00 00 00 00 00 00 00 00 00 00 00 number of ASCII=0197, x=06, y=19 cx=1446 used @[0000]
00 00 00 00 00 00 00 00 00 00 00 00 00 00 00 00 number of ASCII=0197, x=07, y=19 cx=1447 used @[0000]
00 00 00 00 00 00 00 00 00 00 00 00 00 00 00 00 number of ASCII=0197, x=08, y=19 cx=1448 used @[0000]
00 00 00 00 00 00 00 00 00 00 00 00 00 00 00 00 number of ASCII=0197, x=09, y=19 cx=1449 used @[0000]
00 00 00 00 00 00 00 00 00 00 00 00 00 00 00 00 number of ASCII=0197, x=10, y=19 cx=1450 used @[0000]
00 00 00 00 00 00 00 00 00 00 00 00 00 00 00 00 number of ASCII=0197, x=11, y=19 cx=1451 used @[0000]
00 00 00 00 00 00 00 00 00 00 00 00 00 00 00 00 number of ASCII=0197, x=12, y=19 cx=1452 used @[0000]
00 00 00 00 00 00 00 00 00 00 00 00 00 00 00 00 number of ASCII=0197, x=13, y=19 cx=1453 used @[0000]
00 00 00 00 00 00 00 00 00 00 00 00 00 00 00 00 number of ASCII=0197, x=14, y=19 cx=1454 used @[0000]
00 00 00 00 00 00 00 00 00 00 00 00 00 00 00 00 number of ASCII=0197, x=15, y=19 cx=1455 used @[0000]
00 00 00 00 00 00 00 00 00 00 00 00 00 00 00 00 number of ASCII=0197, x=16, y=19 cx=1456 used @[0000]
00 00 00 00 00 00 00 00 00 00 00 00 00 00 00 00 number of ASCII=0197, x=17, y=19 cx=1457 used @[0000]
00 00 00 00 00 00 00 00 00 00 00 00 00 00 00 00 number of ASCII=0197, x=18, y=19 cx=1458 used @[0000]
00 00 00 00 00 00 00 00 00 00 00 00 00 00 00 00 number of ASCII=0197, x=19, y=19 cx=1459 used @[0000]
00 00 00 00 00 00 00 00 00 00 00 00 00 00 00 00 number of ASCII=0197, x=20, y=19 cx=1460 used @[0000]
00 00 00 00 00 00 00 00 00 00 00 00 00 00 00 00 number of ASCII=0197, x=21, y=19 cx=1461 used @[0000]
00 00 00 00 00 00 00 00 00 00 00 00 00 00 00 00 number of ASCII=0197, x=22, y=19 cx=1462 used @[0000]
00 00 00 00 00 00 00 00 00 00 00 00 00 00 00 00 number of ASCII=0197, x=23, y=19 cx=1463 used @[0000]
00 00 00 00 00 00 00 00 00 00 00 00 00 00 00 00 number of ASCII=0197, x=24, y=19 cx=1464 used @[0000]
00 00 00 00 00 00 00 00 00 00 00 00 00 00 00 00 number of ASCII=0197, x=25, y=19 cx=1465 used @[0000]
00 00 00 00 00 00 00 00 00 00 00 00 00 00 00 00 number of ASCII=0197, x=26, y=19 cx=1466 used @[0000]
00 00 00 00 00 00 00 00 00 00 00 00 00 00 00 00 number of ASCII=0197, x=27, y=19 cx=1467 used @[0000]
00 00 00 00 00 00 00 00 00 00 00 00 00 00 00 00 number of ASCII=0197, x=28, y=19 cx=1468 used @[0000]
00 00 00 00 00 00 00 00 00 00 00 00 00 00 00 00 number of ASCII=0197, x=29, y=19 cx=1469 used @[0000]
00 00 00 00 00 00 00 00 00 00 00 00 00 00 00 00 number of ASCII=0197, x=30, y=19 cx=1470 used @[0000]
00 00 00 00 00 00 00 00 00 00 00 00 00 00 00 00 number of ASCII=0197, x=31, y=19 cx=1471 used @[0000]
00 00 00 00 00 00 00 00 00 00 00 00 00 00 00 00 number of ASCII=0197, x=32, y=19 cx=1472 used @[0000]
00 00 00 00 00 00 00 00 00 00 00 00 00 00 00 00 number of ASCII=0197, x=33, y=19 cx=1473 used @[0000]
00 00 00 00 00 00 00 00 00 00 00 00 00 00 00 00 number of ASCII=0197, x=34, y=19 cx=1474 used @[0000]
00 00 00 00 00 00 00 00 00 00 00 00 00 00 00 00 number of ASCII=0197, x=35, y=19 cx=1475 used @[0000]
00 00 00 00 00 00 00 00 00 00 00 00 00 00 00 00 number of ASCII=0197, x=36, y=19 cx=1476 used @[0000]
00 00 00 00 00 00 00 00 00 00 00 00 00 00 00 00 number of ASCII=0197, x=37, y=19 cx=1477 used @[0000]
00 00 00 00 00 00 00 00 00 00 00 00 00 00 00 00 number of ASCII=0197, x=38, y=19 cx=1478 used @[0000]
00 00 00 00 00 00 00 00 00 00 00 00 00 00 00 00 number of ASCII=0197, x=39, y=19 cx=1479 used @[0000]
00 00 00 00 00 00 00 00 00 00 00 00 00 00 00 00 number of ASCII=0197, x=40, y=19 cx=1480 used @[0000]
00 00 00 00 00 00 00 00 00 00 00 00 00 00 00 00 number of ASCII=0197, x=41, y=19 cx=1481 used @[0000]
00 00 00 00 00 00 00 00 00 00 00 00 00 00 00 00 number of ASCII=0197, x=42, y=19 cx=1482 used @[0000]
00 00 00 00 00 00 00 00 00 00 00 00 00 00 00 00 number of ASCII=0197, x=43, y=19 cx=1483 used @[0000]
00 00 00 00 00 00 00 00 00 00 00 00 00 00 00 00 number of ASCII=0197, x=44, y=19 cx=1484 used @[0000]
00 00 00 00 00 00 00 00 00 00 00 00 00 00 00 00 number of ASCII=0197, x=45, y=19 cx=1485 used @[0000]
00 00 00 00 00 00 00 00 00 00 00 00 00 00 00 00 number of ASCII=0197, x=46, y=19 cx=1486 used @[0000]
00 00 00 00 00 00 00 00 00 00 00 00 00 00 00 00 number of ASCII=0197, x=47, y=19 cx=1487 used @[0000]
00 00 00 00 00 00 00 00 00 00 00 00 00 00 00 00 number of ASCII=0197, x=48, y=19 cx=1488 used @[0000]
00 00 00 00 00 00 00 00 00 00 00 00 00 00 00 00 number of ASCII=0197, x=49, y=19 cx=1489 used @[0000]
00 00 00 00 00 00 00 00 00 00 00 00 00 00 00 00 number of ASCII=0197, x=50, y=19 cx=1490 used @[0000]
00 00 00 00 00 00 00 00 00 00 00 00 00 00 00 00 number of ASCII=0197, x=51, y=19 cx=1491 used @[0000]
00 00 00 00 00 00 00 00 00 00 00 00 00 00 00 00 number of ASCII=0197, x=52, y=19 cx=1492 used @[0000]
00 00 00 00 00 00 00 00 00 00 00 00 00 00 00 00 number of ASCII=0197, x=53, y=19 cx=1493 used @[0000]
00 00 00 00 00 00 00 00 00 00 00 00 00 00 00 00 number of ASCII=0197, x=54, y=19 cx=1494 used @[0000]
00 00 00 00 00 00 00 00 00 00 00 00 00 00 00 00 number of ASCII=0197, x=55, y=19 cx=1495 used @[0000]
00 00 00 00 00 00 00 00 00 00 00 00 00 00 00 00 number of ASCII=0197, x=56, y=19 cx=1496 used @[0000]
00 00 00 00 00 00 00 00 00 00 00 00 00 00 00 00 number of ASCII=0197, x=57, y=19 cx=1497 used @[0000]
00 00 00 00 00 00 00 00 00 00 00 00 00 00 00 00 number of ASCII=0197, x=58, y=19 cx=1498 used @[0000]
00 00 00 00 00 00 00 00 00 00 00 00 00 00 00 00 number of ASCII=0197, x=59, y=19 cx=1499 used @[0000]
00 00 00 00 00 00 00 00 00 00 00 00 00 00 00 00 number of ASCII=0197, x=60, y=19 cx=1500 used @[0000]
00 00 00 00 00 00 00 00 00 00 00 00 00 00 00 00 number of ASCII=0197, x=61, y=19 cx=1501 used @[0000]
00 00 00 00 00 00 00 00 00 00 00 00 00 00 00 00 number of ASCII=0197, x=62, y=19 cx=1502 used @[0000]
00 00 00 00 00 00 00 00 00 00 00 00 00 00 00 00 number of ASCII=0197, x=63, y=19 cx=1503 used @[0000]
00 00 00 00 00 00 00 00 00 00 00 00 00 00 00 00 number of ASCII=0197, x=64, y=19 cx=1504 used @[0000]
00 00 00 00 00 00 00 00 00 00 00 00 00 00 00 00 number of ASCII=0197, x=65, y=19 cx=1505 used @[0000]
00 00 00 00 00 00 00 00 00 00 00 00 00 00 00 00 number of ASCII=0197, x=66, y=19 cx=1506 used @[0000]
00 00 00 00 00 00 00 00 00 00 00 00 00 00 00 00 number of ASCII=0197, x=67, y=19 cx=1507 used @[0000]
00 00 00 00 00 00 00 00 00 00 00 00 00 00 00 00 number of ASCII=0197, x=68, y=19 cx=1508 used @[0000]
00 00 00 00 00 00 00 00 00 00 00 00 00 00 00 00 number of ASCII=0197, x=69, y=19 cx=1509 used @[0000]
00 00 00 00 00 00 00 00 00 00 00 00 00 00 00 00 number of ASCII=0197, x=70, y=19 cx=1510 used @[0000]
00 00 00 00 00 00 00 00 00 00 00 00 00 00 00 00 number of ASCII=0197, x=71, y=19 cx=1511 used @[0000]
00 00 00 00 00 00 00 00 00 00 00 00 00 00 00 00 number of ASCII=0197, x=72, y=19 cx=1512 used @[0000]
00 00 00 00 00 00 00 00 00 00 00 00 00 00 00 00 number of ASCII=0197, x=73, y=19 cx=1513 used @[0000]
00 00 00 00 00 00 00 00 00 00 00 00 00 00 00 00 number of ASCII=0197, x=74, y=19 cx=1514 used @[0000]
00 00 00 00 00 00 00 00 00 00 00 00 00 00 00 00 number of ASCII=0197, x=75, y=19 cx=1515 used @[0000]
00 00 00 00 00 00 00 00 00 00 00 00 00 00 00 00 number of ASCII=0197, x=76, y=19 cx=1516 used @[0000]
00 00 00 00 00 00 00 00 00 00 00 00 00 00 00 00 number of ASCII=0197, x=77, y=19 cx=1517 used @[0000]
00 00 00 00 00 00 00 00 00 00 00 00 00 00 00 00 number of ASCII=0197, x=78, y=19 cx=1518 used @[0000]
00 00 00 00 00 00 00 00 00 00 00 00 00 00 00 00 number of ASCII=0197, x=79, y=19 cx=1519 used @[0000]
00 00 00 00 00 00 00 00 00 00 00 00 00 00 00 00 number of ASCII=0197, x=80, y=19 cx=1520 used @[0000]
00 00 00 00 00 00 00 00 00 00 00 00 00 00 00 00 number of ASCII=0197, x=01, y=20 cx=1521 used @[0000]
00 00 00 00 00 00 00 00 00 00 00 00 00 00 00 00 number of ASCII=0197, x=02, y=20 cx=1522 used @[0000]
00 00 00 00 00 00 00 00 00 00 00 00 00 00 00 00 number of ASCII=0197, x=03, y=20 cx=1523 used @[0000]
00 00 00 00 00 00 00 00 00 00 00 00 00 00 00 00 number of ASCII=0197, x=04, y=20 cx=1524 used @[0000]
00 00 00 00 00 00 00 00 00 00 00 00 00 00 00 00 number of ASCII=0197, x=05, y=20 cx=1525 used @[0000]
00 00 00 00 00 00 00 00 00 00 00 00 00 00 00 00 number of ASCII=0197, x=06, y=20 cx=1526 used @[0000]
00 00 00 00 00 00 00 00 00 00 00 00 00 00 00 00 number of ASCII=0197, x=07, y=20 cx=1527 used @[0000]
00 00 00 00 00 00 00 00 00 00 00 00 00 00 00 00 number of ASCII=0197, x=08, y=20 cx=1528 used @[0000]
00 00 00 00 00 00 00 00 00 00 00 00 00 00 00 00 number of ASCII=0197, x=09, y=20 cx=1529 used @[0000]
00 00 00 00 00 00 00 00 00 00 00 00 00 00 00 00 number of ASCII=0197, x=10, y=20 cx=1530 used @[0000]
00 00 00 00 00 00 00 00 00 00 00 00 00 00 00 00 number of ASCII=0197, x=11, y=20 cx=1531 used @[0000]
00 00 00 00 00 00 00 00 00 00 00 00 00 00 00 00 number of ASCII=0197, x=12, y=20 cx=1532 used @[0000]
00 00 00 00 00 00 00 00 00 00 00 00 00 00 00 00 number of ASCII=0197, x=13, y=20 cx=1533 used @[0000]
00 00 00 00 00 00 00 00 00 00 00 00 00 00 00 00 number of ASCII=0197, x=14, y=20 cx=1534 used @[0000]
00 00 00 00 00 00 00 00 00 00 00 00 00 00 00 00 number of ASCII=0197, x=15, y=20 cx=1535 used @[0000]
00 00 00 00 00 00 00 00 00 00 00 00 00 00 00 00 number of ASCII=0197, x=16, y=20 cx=1536 used @[0000]
00 00 00 00 00 00 00 00 00 00 00 00 00 00 00 00 number of ASCII=0197, x=17, y=20 cx=1537 used @[0000]
00 00 00 00 00 00 00 00 00 00 00 00 00 00 00 00 number of ASCII=0197, x=18, y=20 cx=1538 used @[0000]
00 00 00 00 00 00 00 00 00 00 00 00 00 00 00 00 number of ASCII=0197, x=19, y=20 cx=1539 used @[0000]
00 00 00 00 00 00 00 00 00 00 00 00 00 00 00 00 number of ASCII=0197, x=20, y=20 cx=1540 used @[0000]
00 00 00 00 00 00 00 00 00 00 00 00 00 00 00 00 number of ASCII=0197, x=21, y=20 cx=1541 used @[0000]
00 00 00 00 00 00 00 00 00 00 00 00 00 00 00 00 number of ASCII=0197, x=22, y=20 cx=1542 used @[0000]
00 00 00 00 00 00 00 00 00 00 00 00 00 00 00 00 number of ASCII=0197, x=23, y=20 cx=1543 used @[0000]
00 00 00 00 00 00 00 00 00 00 00 00 00 00 00 00 number of ASCII=0197, x=24, y=20 cx=1544 used @[0000]
00 00 00 00 00 00 00 00 00 00 00 00 00 00 00 00 number of ASCII=0197, x=25, y=20 cx=1545 used @[0000]
00 00 00 00 00 00 00 00 00 00 00 00 00 00 00 00 number of ASCII=0197, x=26, y=20 cx=1546 used @[0000]
00 00 00 00 00 00 00 00 00 00 00 00 00 00 00 00 number of ASCII=0197, x=27, y=20 cx=1547 used @[0000]
00 00 00 00 00 00 00 00 00 00 00 00 00 00 00 00 number of ASCII=0197, x=28, y=20 cx=1548 used @[0000]
00 00 00 00 00 00 00 00 00 00 00 00 00 00 00 00 number of ASCII=0197, x=29, y=20 cx=1549 used @[0000]
00 00 00 00 00 00 00 00 00 00 00 00 00 00 00 00 number of ASCII=0197, x=30, y=20 cx=1550 used @[0000]
00 00 00 00 00 00 00 00 00 00 00 00 00 00 00 00 number of ASCII=0197, x=31, y=20 cx=1551 used @[0000]
00 00 00 00 00 00 00 00 00 00 00 00 00 00 00 00 number of ASCII=0197, x=32, y=20 cx=1552 used @[0000]
00 00 00 00 00 00 00 00 00 00 00 00 00 00 00 00 number of ASCII=0197, x=33, y=20 cx=1553 used @[0000]
00 00 00 00 00 00 00 00 00 00 00 00 00 00 00 00 number of ASCII=0197, x=34, y=20 cx=1554 used @[0000]
00 00 00 00 00 00 00 00 00 00 00 00 00 00 00 00 number of ASCII=0197, x=35, y=20 cx=1555 used @[0000]
00 00 00 00 00 00 00 00 00 00 00 00 00 00 00 00 number of ASCII=0197, x=36, y=20 cx=1556 used @[0000]
00 00 00 00 00 00 00 00 00 00 00 00 00 00 00 00 number of ASCII=0197, x=37, y=20 cx=1557 used @[0000]
00 00 00 00 00 00 00 00 00 00 00 00 00 00 00 00 number of ASCII=0197, x=38, y=20 cx=1558 used @[0000]
00 00 00 00 00 00 00 00 00 00 00 00 00 00 00 00 number of ASCII=0197, x=39, y=20 cx=1559 used @[0000]
00 00 00 00 00 00 00 00 00 00 00 00 00 00 00 00 number of ASCII=0197, x=40, y=20 cx=1560 used @[0000]
00 00 00 00 00 00 00 00 00 00 00 00 00 00 00 00 number of ASCII=0197, x=41, y=20 cx=1561 used @[0000]
00 00 00 00 00 00 00 00 00 00 00 00 00 00 00 00 number of ASCII=0197, x=42, y=20 cx=1562 used @[0000]
00 00 00 00 00 00 00 00 00 00 00 00 00 00 00 00 number of ASCII=0197, x=43, y=20 cx=1563 used @[0000]
00 00 00 00 00 00 00 00 00 00 00 00 00 00 00 00 number of ASCII=0197, x=44, y=20 cx=1564 used @[0000]
00 00 00 00 00 00 00 00 00 00 00 00 00 00 00 00 number of ASCII=0197, x=45, y=20 cx=1565 used @[0000]
00 00 00 00 00 00 00 00 00 00 00 00 00 00 00 00 number of ASCII=0197, x=46, y=20 cx=1566 used @[0000]
00 00 00 00 00 00 00 00 00 00 00 00 00 00 00 00 number of ASCII=0197, x=47, y=20 cx=1567 used @[0000]
00 00 00 00 00 00 00 00 00 00 00 00 00 00 00 00 number of ASCII=0197, x=48, y=20 cx=1568 used @[0000]
00 00 00 00 00 00 00 00 00 00 00 00 00 00 00 00 number of ASCII=0197, x=49, y=20 cx=1569 used @[0000]
00 00 00 00 00 00 00 00 00 00 00 00 00 00 00 00 number of ASCII=0197, x=50, y=20 cx=1570 used @[0000]
00 00 00 00 00 00 00 00 00 00 00 00 00 00 00 00 number of ASCII=0197, x=51, y=20 cx=1571 used @[0000]
00 00 00 00 00 00 00 00 00 00 00 00 00 00 00 00 number of ASCII=0197, x=52, y=20 cx=1572 used @[0000]
00 00 00 00 00 00 00 00 00 00 00 00 00 00 00 00 number of ASCII=0197, x=53, y=20 cx=1573 used @[0000]
00 00 00 00 00 00 00 00 00 00 00 00 00 00 00 00 number of ASCII=0197, x=54, y=20 cx=1574 used @[0000]
00 00 00 00 00 00 00 00 00 00 00 00 00 00 00 00 number of ASCII=0197, x=55, y=20 cx=1575 used @[0000]
00 00 00 00 00 00 00 00 00 00 00 00 00 00 00 00 number of ASCII=0197, x=56, y=20 cx=1576 used @[0000]
00 00 00 00 00 00 00 00 00 00 00 00 00 00 00 00 number of ASCII=0197, x=57, y=20 cx=1577 used @[0000]
00 00 00 00 00 00 00 00 00 00 00 00 00 00 00 00 number of ASCII=0197, x=58, y=20 cx=1578 used @[0000]
00 00 00 00 00 00 00 00 00 00 00 00 00 00 00 00 number of ASCII=0197, x=59, y=20 cx=1579 used @[0000]
00 00 00 00 00 00 00 00 00 00 00 00 00 00 00 00 number of ASCII=0197, x=60, y=20 cx=1580 used @[0000]
00 00 00 00 00 00 00 00 00 00 00 00 00 00 00 00 number of ASCII=0197, x=61, y=20 cx=1581 used @[0000]
00 00 00 00 00 00 00 00 00 00 00 00 00 00 00 00 number of ASCII=0197, x=62, y=20 cx=1582 used @[0000]
00 00 00 00 00 00 00 00 00 00 00 00 00 00 00 00 number of ASCII=0197, x=63, y=20 cx=1583 used @[0000]
00 00 00 00 00 00 00 00 00 00 00 00 00 00 00 00 number of ASCII=0197, x=64, y=20 cx=1584 used @[0000]
00 00 00 00 00 00 00 00 00 00 00 00 00 00 00 00 number of ASCII=0197, x=65, y=20 cx=1585 used @[0000]
00 00 00 00 00 00 00 00 00 00 00 00 00 00 00 00 number of ASCII=0197, x=66, y=20 cx=1586 used @[0000]
00 00 00 00 00 00 00 00 00 00 00 00 00 00 00 00 number of ASCII=0197, x=67, y=20 cx=1587 used @[0000]
00 00 00 00 00 00 00 00 00 00 00 00 00 00 00 00 number of ASCII=0197, x=68, y=20 cx=1588 used @[0000]
00 00 00 00 00 00 00 00 00 00 00 00 00 00 00 00 number of ASCII=0197, x=69, y=20 cx=1589 used @[0000]
00 00 00 00 00 00 00 00 00 00 00 00 00 00 00 00 number of ASCII=0197, x=70, y=20 cx=1590 used @[0000]
00 00 00 00 00 00 00 00 00 00 00 00 00 00 00 00 number of ASCII=0197, x=71, y=20 cx=1591 used @[0000]
00 00 00 00 00 00 00 00 00 00 00 00 00 00 00 00 number of ASCII=0197, x=72, y=20 cx=1592 used @[0000]
00 00 00 00 00 00 00 00 00 00 00 00 00 00 00 00 number of ASCII=0197, x=73, y=20 cx=1593 used @[0000]
00 00 00 00 00 00 00 00 00 00 00 00 00 00 00 00 number of ASCII=0197, x=74, y=20 cx=1594 used @[0000]
00 00 00 00 00 00 00 00 00 00 00 00 00 00 00 00 number of ASCII=0197, x=75, y=20 cx=1595 used @[0000]
00 00 00 00 00 00 00 00 00 00 00 00 00 00 00 00 number of ASCII=0197, x=76, y=20 cx=1596 used @[0000]
00 00 00 00 00 00 00 00 00 00 00 00 00 00 00 00 number of ASCII=0197, x=77, y=20 cx=1597 used @[0000]
00 00 00 00 00 00 00 00 00 00 00 00 00 00 00 00 number of ASCII=0197, x=78, y=20 cx=1598 used @[0000]
00 00 00 00 00 00 00 00 00 00 00 00 00 00 00 00 number of ASCII=0197, x=79, y=20 cx=1599 used @[0000]
00 00 00 00 00 00 00 00 00 00 00 00 00 00 00 00 number of ASCII=0197, x=80, y=20 cx=1600 used @[0000]
00 00 00 00 00 00 00 00 00 00 00 00 00 00 00 00 number of ASCII=0197, x=01, y=21 cx=1601 used @[0000]
00 00 00 00 00 00 00 00 00 00 00 00 00 00 00 00 number of ASCII=0197, x=02, y=21 cx=1602 used @[0000]
00 00 00 00 00 00 00 00 00 00 00 00 00 00 00 00 number of ASCII=0197, x=03, y=21 cx=1603 used @[0000]
00 00 00 00 00 00 00 00 00 00 00 00 00 00 00 00 number of ASCII=0197, x=04, y=21 cx=1604 used @[0000]
00 00 00 00 00 00 00 00 00 00 00 00 00 00 00 00 number of ASCII=0197, x=05, y=21 cx=1605 used @[0000]
00 00 00 00 00 00 00 00 00 00 00 00 00 00 00 00 number of ASCII=0197, x=06, y=21 cx=1606 used @[0000]
00 00 00 00 00 00 00 00 00 00 00 00 00 00 00 00 number of ASCII=0197, x=07, y=21 cx=1607 used @[0000]
00 00 00 00 00 00 00 00 00 00 00 00 00 00 00 00 number of ASCII=0197, x=08, y=21 cx=1608 used @[0000]
00 00 00 00 00 00 00 00 00 00 00 00 00 00 00 00 number of ASCII=0197, x=09, y=21 cx=1609 used @[0000]
00 00 00 00 00 00 00 00 00 00 00 00 00 00 00 00 number of ASCII=0197, x=10, y=21 cx=1610 used @[0000]
00 00 00 00 00 00 00 00 00 00 00 00 00 00 00 00 number of ASCII=0197, x=11, y=21 cx=1611 used @[0000]
00 00 00 00 00 00 00 00 00 00 00 00 00 00 00 00 number of ASCII=0197, x=12, y=21 cx=1612 used @[0000]
00 00 00 00 00 00 00 00 00 00 00 00 00 00 00 00 number of ASCII=0197, x=13, y=21 cx=1613 used @[0000]
00 00 00 00 00 00 00 00 00 00 00 00 00 00 00 00 number of ASCII=0197, x=14, y=21 cx=1614 used @[0000]
00 00 00 00 00 00 00 00 00 00 00 00 00 00 00 00 number of ASCII=0197, x=15, y=21 cx=1615 used @[0000]
00 00 00 00 00 00 00 00 00 00 00 00 00 00 00 00 number of ASCII=0197, x=16, y=21 cx=1616 used @[0000]
00 00 00 00 00 00 00 00 00 00 00 00 00 00 00 00 number of ASCII=0197, x=17, y=21 cx=1617 used @[0000]
00 00 00 00 00 00 00 00 00 00 00 00 00 00 00 00 number of ASCII=0197, x=18, y=21 cx=1618 used @[0000]
00 00 00 00 00 00 00 00 00 00 00 00 00 00 00 00 number of ASCII=0197, x=19, y=21 cx=1619 used @[0000]
00 00 00 00 00 00 00 00 00 00 00 00 00 00 00 00 number of ASCII=0197, x=20, y=21 cx=1620 used @[0000]
00 00 00 00 00 00 00 00 00 00 00 00 00 00 00 00 number of ASCII=0197, x=21, y=21 cx=1621 used @[0000]
00 00 00 00 00 00 00 00 00 00 00 00 00 00 00 00 number of ASCII=0197, x=22, y=21 cx=1622 used @[0000]
00 00 00 00 00 00 00 00 00 00 00 00 00 00 00 00 number of ASCII=0197, x=23, y=21 cx=1623 used @[0000]
00 00 00 00 00 00 00 00 00 00 00 00 00 00 00 00 number of ASCII=0197, x=24, y=21 cx=1624 used @[0000]
00 00 00 00 00 00 00 00 00 00 00 00 00 00 00 00 number of ASCII=0197, x=25, y=21 cx=1625 used @[0000]
00 00 00 00 00 00 00 00 00 00 00 00 00 00 00 00 number of ASCII=0197, x=26, y=21 cx=1626 used @[0000]
00 00 00 00 00 00 00 00 00 00 00 00 00 00 00 00 number of ASCII=0197, x=27, y=21 cx=1627 used @[0000]
00 00 00 00 00 00 00 00 00 00 00 00 00 00 00 00 number of ASCII=0197, x=28, y=21 cx=1628 used @[0000]
00 00 00 00 00 00 00 00 00 00 00 00 00 00 00 00 number of ASCII=0197, x=29, y=21 cx=1629 used @[0000]
00 00 00 00 00 00 00 00 00 00 00 00 00 00 00 00 number of ASCII=0197, x=30, y=21 cx=1630 used @[0000]
00 00 00 00 00 00 00 00 00 00 00 00 00 00 00 00 number of ASCII=0197, x=31, y=21 cx=1631 used @[0000]
00 00 00 00 00 00 00 00 00 00 00 00 00 00 00 00 number of ASCII=0197, x=32, y=21 cx=1632 used @[0000]
00 00 00 00 00 00 00 00 00 00 00 00 00 00 00 00 number of ASCII=0197, x=33, y=21 cx=1633 used @[0000]
00 00 00 00 00 00 00 00 00 00 00 00 00 00 00 00 number of ASCII=0197, x=34, y=21 cx=1634 used @[0000]
00 00 00 00 00 00 00 00 00 00 00 00 00 00 00 00 number of ASCII=0197, x=35, y=21 cx=1635 used @[0000]
00 00 00 00 00 00 00 00 00 00 00 00 00 00 00 00 number of ASCII=0197, x=36, y=21 cx=1636 used @[0000]
00 00 00 00 00 00 00 00 00 00 00 00 00 00 00 00 number of ASCII=0197, x=37, y=21 cx=1637 used @[0000]
00 00 00 00 00 00 00 00 00 00 00 00 00 00 00 00 number of ASCII=0197, x=38, y=21 cx=1638 used @[0000]
00 00 00 00 00 00 00 00 00 00 00 00 00 00 00 00 number of ASCII=0197, x=39, y=21 cx=1639 used @[0000]
00 00 00 00 00 00 00 00 00 00 00 00 00 00 00 00 number of ASCII=0197, x=40, y=21 cx=1640 used @[0000]
00 00 00 00 00 00 00 00 00 00 00 00 00 00 00 00 number of ASCII=0197, x=41, y=21 cx=1641 used @[0000]
00 00 00 00 00 00 00 00 00 00 00 00 00 00 00 00 number of ASCII=0197, x=42, y=21 cx=1642 used @[0000]
00 00 00 00 00 00 00 00 00 00 00 00 00 00 00 00 number of ASCII=0197, x=43, y=21 cx=1643 used @[0000]
00 00 00 00 00 00 00 00 00 00 00 00 00 00 00 00 number of ASCII=0197, x=44, y=21 cx=1644 used @[0000]
00 00 00 00 00 00 00 00 00 00 00 00 00 00 00 00 number of ASCII=0197, x=45, y=21 cx=1645 used @[0000]
00 00 00 00 00 00 00 00 00 00 00 00 00 00 00 00 number of ASCII=0197, x=46, y=21 cx=1646 used @[0000]
00 00 00 00 00 00 00 00 00 00 00 00 00 00 00 00 number of ASCII=0197, x=47, y=21 cx=1647 used @[0000]
00 00 00 00 00 00 00 00 00 00 00 00 00 00 00 00 number of ASCII=0197, x=48, y=21 cx=1648 used @[0000]
00 00 00 00 00 00 00 00 00 00 00 00 00 00 00 00 number of ASCII=0197, x=49, y=21 cx=1649 used @[0000]
00 00 00 00 00 00 00 00 00 00 00 00 00 00 00 00 number of ASCII=0197, x=50, y=21 cx=1650 used @[0000]
00 00 00 00 00 00 00 00 00 00 00 00 00 00 00 00 number of ASCII=0197, x=51, y=21 cx=1651 used @[0000]
00 00 00 00 00 00 00 00 00 00 00 00 00 00 00 00 number of ASCII=0197, x=52, y=21 cx=1652 used @[0000]
00 00 00 00 00 00 00 00 00 00 00 00 00 00 00 00 number of ASCII=0197, x=53, y=21 cx=1653 used @[0000]
00 00 00 00 00 00 00 00 00 00 00 00 00 00 00 00 number of ASCII=0197, x=54, y=21 cx=1654 used @[0000]
00 00 00 00 00 00 00 00 00 00 00 00 00 00 00 00 number of ASCII=0197, x=55, y=21 cx=1655 used @[0000]
00 00 00 00 00 00 00 00 00 00 00 00 00 00 00 00 number of ASCII=0197, x=56, y=21 cx=1656 used @[0000]
00 00 00 00 00 00 00 00 00 00 00 00 00 00 00 00 number of ASCII=0197, x=57, y=21 cx=1657 used @[0000]
00 00 00 00 00 00 00 00 00 00 00 00 00 00 00 00 number of ASCII=0197, x=58, y=21 cx=1658 used @[0000]
00 00 00 00 00 00 00 00 00 00 00 00 00 00 00 00 number of ASCII=0197, x=59, y=21 cx=1659 used @[0000]
00 00 00 00 00 00 00 00 00 00 00 00 00 00 00 00 number of ASCII=0197, x=60, y=21 cx=1660 used @[0000]
00 00 00 00 00 00 00 00 00 00 00 00 00 00 00 00 number of ASCII=0197, x=61, y=21 cx=1661 used @[0000]
00 00 00 00 00 00 00 00 00 00 00 00 00 00 00 00 number of ASCII=0197, x=62, y=21 cx=1662 used @[0000]
00 00 00 00 00 00 00 00 00 00 00 00 00 00 00 00 number of ASCII=0197, x=63, y=21 cx=1663 used @[0000]
00 00 00 00 00 00 00 00 00 00 00 00 00 00 00 00 number of ASCII=0197, x=64, y=21 cx=1664 used @[0000]
00 00 00 00 00 00 00 00 00 00 00 00 00 00 00 00 number of ASCII=0197, x=65, y=21 cx=1665 used @[0000]
00 00 00 00 00 00 00 00 00 00 00 00 00 00 00 00 number of ASCII=0197, x=66, y=21 cx=1666 used @[0000]
00 00 00 00 00 00 00 00 00 00 00 00 00 00 00 00 number of ASCII=0197, x=67, y=21 cx=1667 used @[0000]
00 00 00 00 00 00 00 00 00 00 00 00 00 00 00 00 number of ASCII=0197, x=68, y=21 cx=1668 used @[0000]
00 00 00 00 00 00 00 00 00 00 00 00 00 00 00 00 number of ASCII=0197, x=69, y=21 cx=1669 used @[0000]
00 00 00 00 00 00 00 00 00 00 00 00 00 00 00 00 number of ASCII=0197, x=70, y=21 cx=1670 used @[0000]
00 00 00 00 00 00 00 00 00 00 00 00 00 00 00 00 number of ASCII=0197, x=71, y=21 cx=1671 used @[0000]
00 00 00 00 00 00 00 00 00 00 00 00 00 00 00 00 number of ASCII=0197, x=72, y=21 cx=1672 used @[0000]
00 00 00 00 00 00 00 00 00 00 00 00 00 00 00 00 number of ASCII=0197, x=73, y=21 cx=1673 used @[0000]
00 00 00 00 00 00 00 00 00 00 00 00 00 00 00 00 number of ASCII=0197, x=74, y=21 cx=1674 used @[0000]
00 00 00 00 00 00 00 00 00 00 00 00 00 00 00 00 number of ASCII=0197, x=75, y=21 cx=1675 used @[0000]
00 00 00 00 00 00 00 00 00 00 00 00 00 00 00 00 number of ASCII=0197, x=76, y=21 cx=1676 used @[0000]
00 00 00 00 00 00 00 00 00 00 00 00 00 00 00 00 number of ASCII=0197, x=77, y=21 cx=1677 used @[0000]
00 00 00 00 00 00 00 00 00 00 00 00 00 00 00 00 number of ASCII=0197, x=78, y=21 cx=1678 used @[0000]
00 00 00 00 00 00 00 00 00 00 00 00 00 00 00 00 number of ASCII=0197, x=79, y=21 cx=1679 used @[0000]
00 00 00 00 00 00 00 00 00 00 00 00 00 00 00 00 number of ASCII=0197, x=80, y=21 cx=1680 used @[0000]
00 00 00 00 00 00 00 00 00 00 00 00 00 00 00 00 number of ASCII=0197, x=01, y=22 cx=1681 used @[0000]
00 00 00 00 00 00 00 00 00 00 00 00 00 00 00 00 number of ASCII=0197, x=02, y=22 cx=1682 used @[0000]
00 00 00 00 00 00 00 00 00 00 00 00 00 00 00 00 number of ASCII=0197, x=03, y=22 cx=1683 used @[0000]
00 00 00 00 00 00 00 00 00 00 00 00 00 00 00 00 number of ASCII=0197, x=04, y=22 cx=1684 used @[0000]
00 00 00 00 00 00 00 00 00 00 00 00 00 00 00 00 number of ASCII=0197, x=05, y=22 cx=1685 used @[0000]
00 00 00 00 00 00 00 00 00 00 00 00 00 00 00 00 number of ASCII=0197, x=06, y=22 cx=1686 used @[0000]
00 00 00 00 00 00 00 00 00 00 00 00 00 00 00 00 number of ASCII=0197, x=07, y=22 cx=1687 used @[0000]
00 00 00 00 00 00 00 00 00 00 00 00 00 00 00 00 number of ASCII=0197, x=08, y=22 cx=1688 used @[0000]
00 00 00 00 00 00 00 00 00 00 00 00 00 00 00 00 number of ASCII=0197, x=09, y=22 cx=1689 used @[0000]
00 00 00 00 00 00 00 00 00 00 00 00 00 00 00 00 number of ASCII=0197, x=10, y=22 cx=1690 used @[0000]
00 00 00 00 00 00 00 00 00 00 00 00 00 00 00 00 number of ASCII=0197, x=11, y=22 cx=1691 used @[0000]
00 00 00 00 00 00 00 00 00 00 00 00 00 00 00 00 number of ASCII=0197, x=12, y=22 cx=1692 used @[0000]
00 00 00 00 00 00 00 00 00 00 00 00 00 00 00 00 number of ASCII=0197, x=13, y=22 cx=1693 used @[0000]
00 00 00 00 00 00 00 00 00 00 00 00 00 00 00 00 number of ASCII=0197, x=14, y=22 cx=1694 used @[0000]
00 00 00 00 00 00 00 00 00 00 00 00 00 00 00 00 number of ASCII=0197, x=15, y=22 cx=1695 used @[0000]
00 00 00 00 00 00 00 00 00 00 00 00 00 00 00 00 number of ASCII=0197, x=16, y=22 cx=1696 used @[0000]
00 00 00 00 00 00 00 00 00 00 00 00 00 00 00 00 number of ASCII=0197, x=17, y=22 cx=1697 used @[0000]
00 00 00 00 00 00 00 00 00 00 00 00 00 00 00 00 number of ASCII=0197, x=18, y=22 cx=1698 used @[0000]
00 00 00 00 00 00 00 00 00 00 00 00 00 00 00 00 number of ASCII=0197, x=19, y=22 cx=1699 used @[0000]
00 00 00 00 00 00 00 00 00 00 00 00 00 00 00 00 number of ASCII=0197, x=20, y=22 cx=1700 used @[0000]
00 00 00 00 00 00 00 00 00 00 00 00 00 00 00 00 number of ASCII=0197, x=21, y=22 cx=1701 used @[0000]
00 00 00 00 00 00 00 00 00 00 00 00 00 00 00 00 number of ASCII=0197, x=22, y=22 cx=1702 used @[0000]
00 00 00 00 00 00 00 00 00 00 00 00 00 00 00 00 number of ASCII=0197, x=23, y=22 cx=1703 used @[0000]
00 00 00 00 00 00 00 00 00 00 00 00 00 00 00 00 number of ASCII=0197, x=24, y=22 cx=1704 used @[0000]
00 00 00 00 00 00 00 00 00 00 00 00 00 00 00 00 number of ASCII=0197, x=25, y=22 cx=1705 used @[0000]
00 00 00 00 00 00 00 00 00 00 00 00 00 00 00 00 number of ASCII=0197, x=26, y=22 cx=1706 used @[0000]
00 00 00 00 00 00 00 00 00 00 00 00 00 00 00 00 number of ASCII=0197, x=27, y=22 cx=1707 used @[0000]
00 00 00 00 00 00 00 00 00 00 00 00 00 00 00 00 number of ASCII=0197, x=28, y=22 cx=1708 used @[0000]
00 00 00 00 00 00 00 00 00 00 00 00 00 00 00 00 number of ASCII=0197, x=29, y=22 cx=1709 used @[0000]
00 00 00 00 00 00 00 00 00 00 00 00 00 00 00 00 number of ASCII=0197, x=30, y=22 cx=1710 used @[0000]
00 00 00 00 00 00 00 00 00 00 00 00 00 00 00 00 number of ASCII=0197, x=31, y=22 cx=1711 used @[0000]
00 00 00 00 00 00 00 00 00 00 00 00 00 00 00 00 number of ASCII=0197, x=32, y=22 cx=1712 used @[0000]
00 00 00 00 00 00 00 00 00 00 00 00 00 00 00 00 number of ASCII=0197, x=33, y=22 cx=1713 used @[0000]
00 00 00 00 00 00 00 00 00 00 00 00 00 00 00 00 number of ASCII=0197, x=34, y=22 cx=1714 used @[0000]
00 00 00 00 00 00 00 00 00 00 00 00 00 00 00 00 number of ASCII=0197, x=35, y=22 cx=1715 used @[0000]
00 00 00 00 00 00 00 00 00 00 00 00 00 00 00 00 number of ASCII=0197, x=36, y=22 cx=1716 used @[0000]
00 00 00 00 00 00 00 00 00 00 00 00 00 00 00 00 number of ASCII=0197, x=37, y=22 cx=1717 used @[0000]
00 00 00 00 00 00 00 00 00 00 00 00 00 00 00 00 number of ASCII=0197, x=38, y=22 cx=1718 used @[0000]
00 00 00 00 00 00 00 00 00 00 00 00 00 00 00 00 number of ASCII=0197, x=39, y=22 cx=1719 used @[0000]
00 00 00 00 00 00 00 00 00 00 00 00 00 00 00 00 number of ASCII=0197, x=40, y=22 cx=1720 used @[0000]
00 00 00 00 00 00 00 00 00 00 00 00 00 00 00 00 number of ASCII=0197, x=41, y=22 cx=1721 used @[0000]
00 00 00 00 00 00 00 00 00 00 00 00 00 00 00 00 number of ASCII=0197, x=42, y=22 cx=1722 used @[0000]
00 00 00 00 00 00 00 00 00 00 00 00 00 00 00 00 number of ASCII=0197, x=43, y=22 cx=1723 used @[0000]
00 00 00 00 00 00 00 00 00 00 00 00 00 00 00 00 number of ASCII=0197, x=44, y=22 cx=1724 used @[0000]
00 00 00 00 00 00 00 00 00 00 00 00 00 00 00 00 number of ASCII=0197, x=45, y=22 cx=1725 used @[0000]
00 00 00 00 00 00 00 00 00 00 00 00 00 00 00 00 number of ASCII=0197, x=46, y=22 cx=1726 used @[0000]
00 00 00 00 00 00 00 00 00 00 00 00 00 00 00 00 number of ASCII=0197, x=47, y=22 cx=1727 used @[0000]
00 00 00 00 00 00 00 00 00 00 00 00 00 00 00 00 number of ASCII=0197, x=48, y=22 cx=1728 used @[0000]
00 00 00 00 00 00 00 00 00 00 00 00 00 00 00 00 number of ASCII=0197, x=49, y=22 cx=1729 used @[0000]
00 00 00 00 00 00 00 00 00 00 00 00 00 00 00 00 number of ASCII=0197, x=50, y=22 cx=1730 used @[0000]
00 00 00 00 00 00 00 00 00 00 00 00 00 00 00 00 number of ASCII=0197, x=51, y=22 cx=1731 used @[0000]
00 00 00 00 00 00 00 00 00 00 00 00 00 00 00 00 number of ASCII=0197, x=52, y=22 cx=1732 used @[0000]
00 00 00 00 00 00 00 00 00 00 00 00 00 00 00 00 number of ASCII=0197, x=53, y=22 cx=1733 used @[0000]
00 00 00 00 00 00 00 00 00 00 00 00 00 00 00 00 number of ASCII=0197, x=54, y=22 cx=1734 used @[0000]
00 00 00 00 00 00 00 00 00 00 00 00 00 00 00 00 number of ASCII=0197, x=55, y=22 cx=1735 used @[0000]
00 00 00 00 00 00 00 00 00 00 00 00 00 00 00 00 number of ASCII=0197, x=56, y=22 cx=1736 used @[0000]
00 00 00 00 00 00 00 00 00 00 00 00 00 00 00 00 number of ASCII=0197, x=57, y=22 cx=1737 used @[0000]
00 00 00 00 00 00 00 00 00 00 00 00 00 00 00 00 number of ASCII=0197, x=58, y=22 cx=1738 used @[0000]
00 00 00 00 00 00 00 00 00 00 00 00 00 00 00 00 number of ASCII=0197, x=59, y=22 cx=1739 used @[0000]
00 00 00 00 00 00 00 00 00 00 00 00 00 00 00 00 number of ASCII=0197, x=60, y=22 cx=1740 used @[0000]
00 00 00 00 00 00 00 00 00 00 00 00 00 00 00 00 number of ASCII=0197, x=61, y=22 cx=1741 used @[0000]
00 00 00 00 00 00 00 00 00 00 00 00 00 00 00 00 number of ASCII=0197, x=62, y=22 cx=1742 used @[0000]
00 00 00 00 00 00 00 00 00 00 00 00 00 00 00 00 number of ASCII=0197, x=63, y=22 cx=1743 used @[0000]
00 00 00 00 00 00 00 00 00 00 00 00 00 00 00 00 number of ASCII=0197, x=64, y=22 cx=1744 used @[0000]
00 00 00 00 00 00 00 00 00 00 00 00 00 00 00 00 number of ASCII=0197, x=65, y=22 cx=1745 used @[0000]
00 00 00 00 00 00 00 00 00 00 00 00 00 00 00 00 number of ASCII=0197, x=66, y=22 cx=1746 used @[0000]
00 00 00 00 00 00 00 00 00 00 00 00 00 00 00 00 number of ASCII=0197, x=67, y=22 cx=1747 used @[0000]
00 00 00 00 00 00 00 00 00 00 00 00 00 00 00 00 number of ASCII=0197, x=68, y=22 cx=1748 used @[0000]
00 00 00 00 00 00 00 00 00 00 00 00 00 00 00 00 number of ASCII=0197, x=69, y=22 cx=1749 used @[0000]
00 00 00 00 00 00 00 00 00 00 00 00 00 00 00 00 number of ASCII=0197, x=70, y=22 cx=1750 used @[0000]
00 00 00 00 00 00 00 00 00 00 00 00 00 00 00 00 number of ASCII=0197, x=71, y=22 cx=1751 used @[0000]
00 00 00 00 00 00 00 00 00 00 00 00 00 00 00 00 number of ASCII=0197, x=72, y=22 cx=1752 used @[0000]
00 00 00 00 00 00 00 00 00 00 00 00 00 00 00 00 number of ASCII=0197, x=73, y=22 cx=1753 used @[0000]
00 00 00 00 00 00 00 00 00 00 00 00 00 00 00 00 number of ASCII=0197, x=74, y=22 cx=1754 used @[0000]
00 00 00 00 00 00 00 00 00 00 00 00 00 00 00 00 number of ASCII=0197, x=75, y=22 cx=1755 used @[0000]
00 00 00 00 00 00 00 00 00 00 00 00 00 00 00 00 number of ASCII=0197, x=76, y=22 cx=1756 used @[0000]
00 00 00 00 00 00 00 00 00 00 00 00 00 00 00 00 number of ASCII=0197, x=77, y=22 cx=1757 used @[0000]
00 00 00 00 00 00 00 00 00 00 00 00 00 00 00 00 number of ASCII=0197, x=78, y=22 cx=1758 used @[0000]
00 00 00 00 00 00 00 00 00 00 00 00 00 00 00 00 number of ASCII=0197, x=79, y=22 cx=1759 used @[0000]
00 00 00 00 00 00 00 00 00 00 00 00 00 00 00 00 number of ASCII=0197, x=80, y=22 cx=1760 used @[0000]
00 00 00 00 00 00 00 00 00 00 00 00 00 00 00 00 number of ASCII=0197, x=01, y=23 cx=1761 used @[0000]
00 00 00 00 00 00 00 00 00 00 00 00 00 00 00 00 number of ASCII=0197, x=02, y=23 cx=1762 used @[0000]
00 00 00 00 00 00 00 00 00 00 00 00 00 00 00 00 number of ASCII=0197, x=03, y=23 cx=1763 used @[0000]
00 00 00 00 00 00 00 00 00 00 00 00 00 00 00 00 number of ASCII=0197, x=04, y=23 cx=1764 used @[0000]
00 00 00 00 00 00 00 00 00 00 00 00 00 00 00 00 number of ASCII=0197, x=05, y=23 cx=1765 used @[0000]
00 00 00 00 00 00 00 00 00 00 00 00 00 00 00 00 number of ASCII=0197, x=06, y=23 cx=1766 used @[0000]
00 00 00 00 00 00 00 00 00 00 00 00 00 00 00 00 number of ASCII=0197, x=07, y=23 cx=1767 used @[0000]
00 00 00 00 00 00 00 00 00 00 00 00 00 00 00 00 number of ASCII=0197, x=08, y=23 cx=1768 used @[0000]
00 00 00 00 00 00 00 00 00 00 00 00 00 00 00 00 number of ASCII=0197, x=09, y=23 cx=1769 used @[0000]
00 00 00 00 00 00 00 00 00 00 00 00 00 00 00 00 number of ASCII=0197, x=10, y=23 cx=1770 used @[0000]
00 00 00 00 00 00 00 00 00 00 00 00 00 00 00 00 number of ASCII=0197, x=11, y=23 cx=1771 used @[0000]
00 00 00 00 00 00 00 00 00 00 00 00 00 00 00 00 number of ASCII=0197, x=12, y=23 cx=1772 used @[0000]
00 00 00 00 00 00 00 00 00 00 00 00 00 00 00 00 number of ASCII=0197, x=13, y=23 cx=1773 used @[0000]
00 00 00 00 00 00 00 00 00 00 00 00 00 00 00 00 number of ASCII=0197, x=14, y=23 cx=1774 used @[0000]
00 00 00 00 00 00 00 00 00 00 00 00 00 00 00 00 number of ASCII=0197, x=15, y=23 cx=1775 used @[0000]
00 00 00 00 00 00 00 00 00 00 00 00 00 00 00 00 number of ASCII=0197, x=16, y=23 cx=1776 used @[0000]
00 00 00 00 00 00 00 00 00 00 00 00 00 00 00 00 number of ASCII=0197, x=17, y=23 cx=1777 used @[0000]
00 00 00 00 00 00 00 00 00 00 00 00 00 00 00 00 number of ASCII=0197, x=18, y=23 cx=1778 used @[0000]
00 00 00 00 00 00 00 00 00 00 00 00 00 00 00 00 number of ASCII=0197, x=19, y=23 cx=1779 used @[0000]
00 00 00 00 00 00 00 00 00 00 00 00 00 00 00 00 number of ASCII=0197, x=20, y=23 cx=1780 used @[0000]
00 00 00 00 00 00 00 00 00 00 00 00 00 00 00 00 number of ASCII=0197, x=21, y=23 cx=1781 used @[0000]
00 00 00 00 00 00 00 00 00 00 00 00 00 00 00 00 number of ASCII=0197, x=22, y=23 cx=1782 used @[0000]
00 00 00 00 00 00 00 00 00 00 00 00 00 00 00 00 number of ASCII=0197, x=23, y=23 cx=1783 used @[0000]
00 00 00 00 00 00 00 00 00 00 00 00 00 00 00 00 number of ASCII=0197, x=24, y=23 cx=1784 used @[0000]
00 00 00 00 00 00 00 00 00 00 00 00 00 00 00 00 number of ASCII=0197, x=25, y=23 cx=1785 used @[0000]
00 00 00 00 00 00 00 00 00 00 00 00 00 00 00 00 number of ASCII=0197, x=26, y=23 cx=1786 used @[0000]
00 00 00 00 00 00 00 00 00 00 00 00 00 00 00 00 number of ASCII=0197, x=27, y=23 cx=1787 used @[0000]
00 00 00 00 00 00 00 00 00 00 00 00 00 00 00 00 number of ASCII=0197, x=28, y=23 cx=1788 used @[0000]
00 00 00 00 00 00 00 00 00 00 00 00 00 00 00 00 number of ASCII=0197, x=29, y=23 cx=1789 used @[0000]
00 00 00 00 00 00 00 00 00 00 00 00 00 00 00 00 number of ASCII=0197, x=30, y=23 cx=1790 used @[0000]
00 00 00 00 00 00 00 00 00 00 00 00 00 00 00 00 number of ASCII=0197, x=31, y=23 cx=1791 used @[0000]
00 00 00 00 00 00 00 00 00 00 00 00 00 00 00 00 number of ASCII=0197, x=32, y=23 cx=1792 used @[0000]
00 00 00 00 00 00 00 00 00 00 00 00 00 00 00 00 number of ASCII=0197, x=33, y=23 cx=1793 used @[0000]
00 00 00 00 00 00 00 00 00 00 00 00 00 00 00 00 number of ASCII=0197, x=34, y=23 cx=1794 used @[0000]
00 00 00 00 00 00 00 00 00 00 00 00 00 00 00 00 number of ASCII=0197, x=35, y=23 cx=1795 used @[0000]
00 00 00 00 00 00 00 00 00 00 00 00 00 00 00 00 number of ASCII=0197, x=36, y=23 cx=1796 used @[0000]
00 00 00 00 00 00 00 00 00 00 00 00 00 00 00 00 number of ASCII=0197, x=37, y=23 cx=1797 used @[0000]
00 00 00 00 00 00 00 00 00 00 00 00 00 00 00 00 number of ASCII=0197, x=38, y=23 cx=1798 used @[0000]
00 00 00 00 00 00 00 00 00 00 00 00 00 00 00 00 number of ASCII=0197, x=39, y=23 cx=1799 used @[0000]
00 00 00 00 00 00 00 00 00 00 00 00 00 00 00 00 number of ASCII=0197, x=40, y=23 cx=1800 used @[0000]
00 00 00 00 00 00 00 00 00 00 00 00 00 00 00 00 number of ASCII=0197, x=41, y=23 cx=1801 used @[0000]
00 00 00 00 00 00 00 00 00 00 00 00 00 00 00 00 number of ASCII=0197, x=42, y=23 cx=1802 used @[0000]
00 00 00 00 00 00 00 00 00 00 00 00 00 00 00 00 number of ASCII=0197, x=43, y=23 cx=1803 used @[0000]
00 00 00 00 00 00 00 00 00 00 00 00 00 00 00 00 number of ASCII=0197, x=44, y=23 cx=1804 used @[0000]
00 00 00 00 00 00 00 00 00 00 00 00 00 00 00 00 number of ASCII=0197, x=45, y=23 cx=1805 used @[0000]
00 00 00 00 00 00 00 00 00 00 00 00 00 00 00 00 number of ASCII=0197, x=46, y=23 cx=1806 used @[0000]
00 00 00 00 00 00 00 00 00 00 00 00 00 00 00 00 number of ASCII=0197, x=47, y=23 cx=1807 used @[0000]
00 00 00 00 00 00 00 00 00 00 00 00 00 00 00 00 number of ASCII=0197, x=48, y=23 cx=1808 used @[0000]
00 00 00 00 00 00 00 00 00 00 00 00 00 00 00 00 number of ASCII=0197, x=49, y=23 cx=1809 used @[0000]
00 00 00 00 00 00 00 00 00 00 00 00 00 00 00 00 number of ASCII=0197, x=50, y=23 cx=1810 used @[0000]
00 00 00 00 00 00 00 00 00 00 00 00 00 00 00 00 number of ASCII=0197, x=51, y=23 cx=1811 used @[0000]
00 00 00 00 00 00 00 00 00 00 00 00 00 00 00 00 number of ASCII=0197, x=52, y=23 cx=1812 used @[0000]
00 00 00 00 00 00 00 00 00 00 00 00 00 00 00 00 number of ASCII=0197, x=53, y=23 cx=1813 used @[0000]
00 00 00 00 00 00 00 00 00 00 00 00 00 00 00 00 number of ASCII=0197, x=54, y=23 cx=1814 used @[0000]
00 00 00 00 00 00 00 00 00 00 00 00 00 00 00 00 number of ASCII=0197, x=55, y=23 cx=1815 used @[0000]
00 00 00 00 00 00 00 00 00 00 00 00 00 00 00 00 number of ASCII=0197, x=56, y=23 cx=1816 used @[0000]
00 00 00 00 00 00 00 00 00 00 00 00 00 00 00 00 number of ASCII=0197, x=57, y=23 cx=1817 used @[0000]
00 00 00 00 00 00 00 00 00 00 00 00 00 00 00 00 number of ASCII=0197, x=58, y=23 cx=1818 used @[0000]
00 00 00 00 00 00 00 00 00 00 00 00 00 00 00 00 number of ASCII=0197, x=59, y=23 cx=1819 used @[0000]
00 00 00 00 00 00 00 00 00 00 00 00 00 00 00 00 number of ASCII=0197, x=60, y=23 cx=1820 used @[0000]
00 00 00 00 00 00 00 00 00 00 00 00 00 00 00 00 number of ASCII=0197, x=61, y=23 cx=1821 used @[0000]
00 00 00 00 00 00 00 00 00 00 00 00 00 00 00 00 number of ASCII=0197, x=62, y=23 cx=1822 used @[0000]
00 00 00 00 00 00 00 00 00 00 00 00 00 00 00 00 number of ASCII=0197, x=63, y=23 cx=1823 used @[0000]
00 00 00 00 00 00 00 00 00 00 00 00 00 00 00 00 number of ASCII=0197, x=64, y=23 cx=1824 used @[0000]
00 00 00 00 00 00 00 00 00 00 00 00 00 00 00 00 number of ASCII=0197, x=65, y=23 cx=1825 used @[0000]
00 00 00 00 00 00 00 00 00 00 00 00 00 00 00 00 number of ASCII=0197, x=66, y=23 cx=1826 used @[0000]
00 00 00 00 00 00 00 00 00 00 00 00 00 00 00 00 number of ASCII=0197, x=67, y=23 cx=1827 used @[0000]
00 00 00 00 00 00 00 00 00 00 00 00 00 00 00 00 number of ASCII=0197, x=68, y=23 cx=1828 used @[0000]
00 00 00 00 00 00 00 00 00 00 00 00 00 00 00 00 number of ASCII=0197, x=69, y=23 cx=1829 used @[0000]
00 00 00 00 00 00 00 00 00 00 00 00 00 00 00 00 number of ASCII=0197, x=70, y=23 cx=1830 used @[0000]
00 00 00 00 00 00 00 00 00 00 00 00 00 00 00 00 number of ASCII=0197, x=71, y=23 cx=1831 used @[0000]
00 00 00 00 00 00 00 00 00 00 00 00 00 00 00 00 number of ASCII=0197, x=72, y=23 cx=1832 used @[0000]
00 00 00 00 00 00 00 00 00 00 00 00 00 00 00 00 number of ASCII=0197, x=73, y=23 cx=1833 used @[0000]
00 00 00 00 00 00 00 00 00 00 00 00 00 00 00 00 number of ASCII=0197, x=74, y=23 cx=1834 used @[0000]
00 00 00 00 00 00 00 00 00 00 00 00 00 00 00 00 number of ASCII=0197, x=75, y=23 cx=1835 used @[0000]
00 00 00 00 00 00 00 00 00 00 00 00 00 00 00 00 number of ASCII=0197, x=76, y=23 cx=1836 used @[0000]
00 00 00 00 00 00 00 00 00 00 00 00 00 00 00 00 number of ASCII=0197, x=77, y=23 cx=1837 used @[0000]
00 00 00 00 00 00 00 00 00 00 00 00 00 00 00 00 number of ASCII=0197, x=78, y=23 cx=1838 used @[0000]
00 00 00 00 00 00 00 00 00 00 00 00 00 00 00 00 number of ASCII=0197, x=79, y=23 cx=1839 used @[0000]
00 00 00 00 00 00 00 00 00 00 00 00 00 00 00 00 number of ASCII=0197, x=80, y=23 cx=1840 used @[0000]
00 00 00 00 00 00 00 00 00 00 00 00 00 00 00 00 number of ASCII=0197, x=01, y=24 cx=1841 used @[0000]
00 00 00 00 00 00 00 00 00 00 00 00 00 00 00 00 number of ASCII=0197, x=02, y=24 cx=1842 used @[0000]
00 00 00 00 00 00 00 00 00 00 00 00 00 00 00 00 number of ASCII=0197, x=03, y=24 cx=1843 used @[0000]
00 00 00 00 00 00 00 00 00 00 00 00 00 00 00 00 number of ASCII=0197, x=04, y=24 cx=1844 used @[0000]
00 00 00 00 00 00 00 00 00 00 00 00 00 00 00 00 number of ASCII=0197, x=05, y=24 cx=1845 used @[0000]
00 00 00 00 00 00 00 00 00 00 00 00 00 00 00 00 number of ASCII=0197, x=06, y=24 cx=1846 used @[0000]
00 00 00 00 00 00 00 00 00 00 00 00 00 00 00 00 number of ASCII=0197, x=07, y=24 cx=1847 used @[0000]
00 00 00 00 00 00 00 00 00 00 00 00 00 00 00 00 number of ASCII=0197, x=08, y=24 cx=1848 used @[0000]
00 00 00 00 00 00 00 00 00 00 00 00 00 00 00 00 number of ASCII=0197, x=09, y=24 cx=1849 used @[0000]
00 00 00 00 00 00 00 00 00 00 00 00 00 00 00 00 number of ASCII=0197, x=10, y=24 cx=1850 used @[0000]
00 00 00 00 00 00 00 00 00 00 00 00 00 00 00 00 number of ASCII=0197, x=11, y=24 cx=1851 used @[0000]
00 00 00 00 00 00 00 00 00 00 00 00 00 00 00 00 number of ASCII=0197, x=12, y=24 cx=1852 used @[0000]
00 00 00 00 00 00 00 00 00 00 00 00 00 00 00 00 number of ASCII=0197, x=13, y=24 cx=1853 used @[0000]
00 00 00 00 00 00 00 00 00 00 00 00 00 00 00 00 number of ASCII=0197, x=14, y=24 cx=1854 used @[0000]
00 00 00 00 00 00 00 00 00 00 00 00 00 00 00 00 number of ASCII=0197, x=15, y=24 cx=1855 used @[0000]
00 00 00 00 00 00 00 00 00 00 00 00 00 00 00 00 number of ASCII=0197, x=16, y=24 cx=1856 used @[0000]
00 00 00 00 00 00 00 00 00 00 00 00 00 00 00 00 number of ASCII=0197, x=17, y=24 cx=1857 used @[0000]
00 00 00 00 00 00 00 00 00 00 00 00 00 00 00 00 number of ASCII=0197, x=18, y=24 cx=1858 used @[0000]
00 00 00 00 00 00 00 00 00 00 00 00 00 00 00 00 number of ASCII=0197, x=19, y=24 cx=1859 used @[0000]
00 00 00 00 00 00 00 00 00 00 00 00 00 00 00 00 number of ASCII=0197, x=20, y=24 cx=1860 used @[0000]
00 00 00 00 00 00 00 00 00 00 00 00 00 00 00 00 number of ASCII=0197, x=21, y=24 cx=1861 used @[0000]
00 00 00 00 00 00 00 00 00 00 00 00 00 00 00 00 number of ASCII=0197, x=22, y=24 cx=1862 used @[0000]
00 00 00 00 00 00 00 00 00 00 00 00 00 00 00 00 number of ASCII=0197, x=23, y=24 cx=1863 used @[0000]
00 00 00 00 00 00 00 00 00 00 00 00 00 00 00 00 number of ASCII=0197, x=24, y=24 cx=1864 used @[0000]
00 00 00 00 00 00 00 00 00 00 00 00 00 00 00 00 number of ASCII=0197, x=25, y=24 cx=1865 used @[0000]
00 00 00 00 00 00 00 00 00 00 00 00 00 00 00 00 number of ASCII=0197, x=26, y=24 cx=1866 used @[0000]
00 00 00 00 00 00 00 00 00 00 00 00 00 00 00 00 number of ASCII=0197, x=27, y=24 cx=1867 used @[0000]
00 00 00 00 00 00 00 00 00 00 00 00 00 00 00 00 number of ASCII=0197, x=28, y=24 cx=1868 used @[0000]
00 00 00 00 00 00 00 00 00 00 00 00 00 00 00 00 number of ASCII=0197, x=29, y=24 cx=1869 used @[0000]
00 00 00 00 00 00 00 00 00 00 00 00 00 00 00 00 number of ASCII=0197, x=30, y=24 cx=1870 used @[0000]
00 00 00 00 00 00 00 00 00 00 00 00 00 00 00 00 number of ASCII=0197, x=31, y=24 cx=1871 used @[0000]
00 00 00 00 00 00 00 00 00 00 00 00 00 00 00 00 number of ASCII=0197, x=32, y=24 cx=1872 used @[0000]
00 00 00 00 00 00 00 00 00 00 00 00 00 00 00 00 number of ASCII=0197, x=33, y=24 cx=1873 used @[0000]
00 00 00 00 00 00 00 00 00 00 00 00 00 00 00 00 number of ASCII=0197, x=34, y=24 cx=1874 used @[0000]
00 00 00 00 00 00 00 00 00 00 00 00 00 00 00 00 number of ASCII=0197, x=35, y=24 cx=1875 used @[0000]
00 00 00 00 00 00 00 00 00 00 00 00 00 00 00 00 number of ASCII=0197, x=36, y=24 cx=1876 used @[0000]
00 00 00 00 00 00 00 00 00 00 00 00 00 00 00 00 number of ASCII=0197, x=37, y=24 cx=1877 used @[0000]
00 00 00 00 00 00 00 00 00 00 00 00 00 00 00 00 number of ASCII=0197, x=38, y=24 cx=1878 used @[0000]
00 00 00 00 00 00 00 00 00 00 00 00 00 00 00 00 number of ASCII=0197, x=39, y=24 cx=1879 used @[0000]
00 00 00 00 00 00 00 00 00 00 00 00 00 00 00 00 number of ASCII=0197, x=40, y=24 cx=1880 used @[0000]
00 00 00 00 00 00 00 00 00 00 00 00 00 00 00 00 number of ASCII=0197, x=41, y=24 cx=1881 used @[0000]
00 00 00 00 00 00 00 00 00 00 00 00 00 00 00 00 number of ASCII=0197, x=42, y=24 cx=1882 used @[0000]
00 00 00 00 00 00 00 00 00 00 00 00 00 00 00 00 number of ASCII=0197, x=43, y=24 cx=1883 used @[0000]
00 00 00 00 00 00 00 00 00 00 00 00 00 00 00 00 number of ASCII=0197, x=44, y=24 cx=1884 used @[0000]
00 00 00 00 00 00 00 00 00 00 00 00 00 00 00 00 number of ASCII=0197, x=45, y=24 cx=1885 used @[0000]
00 00 00 00 00 00 00 00 00 00 00 00 00 00 00 00 number of ASCII=0197, x=46, y=24 cx=1886 used @[0000]
00 00 00 00 00 00 00 00 00 00 00 00 00 00 00 00 number of ASCII=0197, x=47, y=24 cx=1887 used @[0000]
00 00 00 00 00 00 00 00 00 00 00 00 00 00 00 00 number of ASCII=0197, x=48, y=24 cx=1888 used @[0000]
00 00 00 00 00 00 00 00 00 00 00 00 00 00 00 00 number of ASCII=0197, x=49, y=24 cx=1889 used @[0000]
00 00 00 00 00 00 00 00 00 00 00 00 00 00 00 00 number of ASCII=0197, x=50, y=24 cx=1890 used @[0000]
00 00 00 00 00 00 00 00 00 00 00 00 00 00 00 00 number of ASCII=0197, x=51, y=24 cx=1891 used @[0000]
00 00 00 00 00 00 00 00 00 00 00 00 00 00 00 00 number of ASCII=0197, x=52, y=24 cx=1892 used @[0000]
00 00 00 00 00 00 00 00 00 00 00 00 00 00 00 00 number of ASCII=0197, x=53, y=24 cx=1893 used @[0000]
00 00 00 00 00 00 00 00 00 00 00 00 00 00 00 00 number of ASCII=0197, x=54, y=24 cx=1894 used @[0000]
00 00 00 00 00 00 00 00 00 00 00 00 00 00 00 00 number of ASCII=0197, x=55, y=24 cx=1895 used @[0000]
00 00 00 00 00 00 00 00 00 00 00 00 00 00 00 00 number of ASCII=0197, x=56, y=24 cx=1896 used @[0000]
00 00 00 00 00 00 00 00 00 00 00 00 00 00 00 00 number of ASCII=0197, x=57, y=24 cx=1897 used @[0000]
00 00 00 00 00 00 00 00 00 00 00 00 00 00 00 00 number of ASCII=0197, x=58, y=24 cx=1898 used @[0000]
00 00 00 00 00 00 00 00 00 00 00 00 00 00 00 00 number of ASCII=0197, x=59, y=24 cx=1899 used @[0000]
00 00 00 00 00 00 00 00 00 00 00 00 00 00 00 00 number of ASCII=0197, x=60, y=24 cx=1900 used @[0000]
00 00 00 00 00 00 00 00 00 00 00 00 00 00 00 00 number of ASCII=0197, x=61, y=24 cx=1901 used @[0000]
00 00 00 00 00 00 00 00 00 00 00 00 00 00 00 00 number of ASCII=0197, x=62, y=24 cx=1902 used @[0000]
00 00 00 00 00 00 00 00 00 00 00 00 00 00 00 00 number of ASCII=0197, x=63, y=24 cx=1903 used @[0000]
00 00 00 00 00 00 00 00 00 00 00 00 00 00 00 00 number of ASCII=0197, x=64, y=24 cx=1904 used @[0000]
00 00 00 00 00 00 00 00 00 00 00 00 00 00 00 00 number of ASCII=0197, x=65, y=24 cx=1905 used @[0000]
00 00 00 00 00 00 00 00 00 00 00 00 00 00 00 00 number of ASCII=0197, x=66, y=24 cx=1906 used @[0000]
00 00 00 00 00 00 00 00 00 00 00 00 00 00 00 00 number of ASCII=0197, x=67, y=24 cx=1907 used @[0000]
00 00 00 00 00 00 00 00 00 00 00 00 00 00 00 00 number of ASCII=0197, x=68, y=24 cx=1908 used @[0000]
00 00 00 00 00 00 00 00 00 00 00 00 00 00 00 00 number of ASCII=0197, x=69, y=24 cx=1909 used @[0000]
00 00 00 00 00 00 00 00 00 00 00 00 00 00 00 00 number of ASCII=0197, x=70, y=24 cx=1910 used @[0000]
00 00 00 00 00 00 00 00 00 00 00 00 00 00 00 00 number of ASCII=0197, x=71, y=24 cx=1911 used @[0000]
00 00 00 00 00 00 00 00 00 00 00 00 00 00 00 00 number of ASCII=0197, x=72, y=24 cx=1912 used @[0000]
00 00 00 00 00 00 00 00 00 00 00 00 00 00 00 00 number of ASCII=0197, x=73, y=24 cx=1913 used @[0000]
00 00 00 00 00 00 00 00 00 00 00 00 00 00 00 00 number of ASCII=0197, x=74, y=24 cx=1914 used @[0000]
00 00 00 00 00 00 00 00 00 00 00 00 00 00 00 00 number of ASCII=0197, x=75, y=24 cx=1915 used @[0000]
00 00 00 00 00 00 00 00 00 00 00 00 00 00 00 00 number of ASCII=0197, x=76, y=24 cx=1916 used @[0000]
00 00 00 00 00 00 00 00 00 00 00 00 00 00 00 00 number of ASCII=0197, x=77, y=24 cx=1917 used @[0000]
00 00 00 00 00 00 00 00 00 00 00 00 00 00 00 00 number of ASCII=0197, x=78, y=24 cx=1918 used @[0000]
00 00 00 00 00 00 00 00 00 00 00 00 00 00 00 00 number of ASCII=0197, x=79, y=24 cx=1919 used @[0000]
00 00 00 00 00 00 00 00 00 00 00 00 00 00 00 00 number of ASCII=0197, x=80, y=24 cx=1920 used @[0000]
00 00 00 00 00 00 00 00 00 00 00 00 00 00 00 00 number of ASCII=0197, x=01, y=25 cx=1921 used @[0000]
00 00 00 00 00 00 00 00 00 00 00 00 00 00 00 00 number of ASCII=0197, x=02, y=25 cx=1922 used @[0000]
00 00 00 00 00 00 00 00 00 00 00 00 00 00 00 00 number of ASCII=0197, x=03, y=25 cx=1923 used @[0000]
00 00 00 00 00 00 00 00 00 00 00 00 00 00 00 00 number of ASCII=0197, x=04, y=25 cx=1924 used @[0000]
00 00 00 00 00 00 00 00 00 00 00 00 00 00 00 00 number of ASCII=0197, x=05, y=25 cx=1925 used @[0000]
00 00 00 00 00 00 00 00 00 00 00 00 00 00 00 00 number of ASCII=0197, x=06, y=25 cx=1926 used @[0000]
00 00 00 00 00 00 00 00 00 00 00 00 00 00 00 00 number of ASCII=0197, x=07, y=25 cx=1927 used @[0000]
00 00 00 00 00 00 00 00 00 00 00 00 00 00 00 00 number of ASCII=0197, x=08, y=25 cx=1928 used @[0000]
00 00 00 00 00 00 00 00 00 00 00 00 00 00 00 00 number of ASCII=0197, x=09, y=25 cx=1929 used @[0000]
00 00 00 00 00 00 00 00 00 00 00 00 00 00 00 00 number of ASCII=0197, x=10, y=25 cx=1930 used @[0000]
00 00 00 00 00 00 00 00 00 00 00 00 00 00 00 00 number of ASCII=0197, x=11, y=25 cx=1931 used @[0000]
00 00 00 00 00 00 00 00 00 00 00 00 00 00 00 00 number of ASCII=0197, x=12, y=25 cx=1932 used @[0000]
00 00 00 00 00 00 00 00 00 00 00 00 00 00 00 00 number of ASCII=0197, x=13, y=25 cx=1933 used @[0000]
00 00 00 00 00 00 00 00 00 00 00 00 00 00 00 00 number of ASCII=0197, x=14, y=25 cx=1934 used @[0000]
00 00 00 00 00 00 00 00 00 00 00 00 00 00 00 00 number of ASCII=0197, x=15, y=25 cx=1935 used @[0000]
00 00 00 00 00 00 00 00 00 00 00 00 00 00 00 00 number of ASCII=0197, x=16, y=25 cx=1936 used @[0000]
00 00 00 00 00 00 00 00 00 00 00 00 00 00 00 00 number of ASCII=0197, x=17, y=25 cx=1937 used @[0000]
00 00 00 00 00 00 00 00 00 00 00 00 00 00 00 00 number of ASCII=0197, x=18, y=25 cx=1938 used @[0000]
00 00 00 00 00 00 00 00 00 00 00 00 00 00 00 00 number of ASCII=0197, x=19, y=25 cx=1939 used @[0000]
00 00 00 00 00 00 00 00 00 00 00 00 00 00 00 00 number of ASCII=0197, x=20, y=25 cx=1940 used @[0000]
00 00 00 00 00 00 00 00 00 00 00 00 00 00 00 00 number of ASCII=0197, x=21, y=25 cx=1941 used @[0000]
00 00 00 00 00 00 00 00 00 00 00 00 00 00 00 00 number of ASCII=0197, x=22, y=25 cx=1942 used @[0000]
00 00 00 00 00 00 00 00 00 00 00 00 00 00 00 00 number of ASCII=0197, x=23, y=25 cx=1943 used @[0000]
00 00 00 00 00 00 00 00 00 00 00 00 00 00 00 00 number of ASCII=0197, x=24, y=25 cx=1944 used @[0000]
00 00 00 00 00 00 00 00 00 00 00 00 00 00 00 00 number of ASCII=0197, x=25, y=25 cx=1945 used @[0000]
00 00 00 00 00 00 00 00 00 00 00 00 00 00 00 00 number of ASCII=0197, x=26, y=25 cx=1946 used @[0000]
00 00 00 00 00 00 00 00 00 00 00 00 00 00 00 00 number of ASCII=0197, x=27, y=25 cx=1947 used @[0000]
00 00 00 00 00 00 00 00 00 00 00 00 00 00 00 00 number of ASCII=0197, x=28, y=25 cx=1948 used @[0000]
00 00 00 00 00 00 00 00 00 00 00 00 00 00 00 00 number of ASCII=0197, x=29, y=25 cx=1949 used @[0000]
00 00 00 00 00 00 00 00 00 00 00 00 00 00 00 00 number of ASCII=0197, x=30, y=25 cx=1950 used @[0000]
00 00 00 00 00 00 00 00 00 00 00 00 00 00 00 00 number of ASCII=0197, x=31, y=25 cx=1951 used @[0000]
00 00 00 00 00 00 00 00 00 00 00 00 00 00 00 00 number of ASCII=0197, x=32, y=25 cx=1952 used @[0000]
00 00 00 00 00 00 00 00 00 00 00 00 00 00 00 00 number of ASCII=0197, x=33, y=25 cx=1953 used @[0000]
00 00 00 00 00 00 00 00 00 00 00 00 00 00 00 00 number of ASCII=0197, x=34, y=25 cx=1954 used @[0000]
00 00 00 00 00 00 00 00 00 00 00 00 00 00 00 00 number of ASCII=0197, x=35, y=25 cx=1955 used @[0000]
00 00 00 00 00 00 00 00 00 00 00 00 00 00 00 00 number of ASCII=0197, x=36, y=25 cx=1956 used @[0000]
00 00 00 00 00 00 00 00 00 00 00 00 00 00 00 00 number of ASCII=0197, x=37, y=25 cx=1957 used @[0000]
00 00 00 00 00 00 00 00 00 00 00 00 00 00 00 00 number of ASCII=0197, x=38, y=25 cx=1958 used @[0000]
00 00 00 00 00 00 00 00 00 00 00 00 00 00 00 00 number of ASCII=0197, x=39, y=25 cx=1959 used @[0000]
00 00 00 00 00 00 00 00 00 00 00 00 00 00 00 00 number of ASCII=0197, x=40, y=25 cx=1960 used @[0000]
00 00 00 00 00 00 00 00 00 00 00 00 00 00 00 00 number of ASCII=0197, x=41, y=25 cx=1961 used @[0000]
00 00 00 00 00 00 00 00 00 00 00 00 00 00 00 00 number of ASCII=0197, x=42, y=25 cx=1962 used @[0000]
00 00 00 00 00 00 00 00 00 00 00 00 00 00 00 00 number of ASCII=0197, x=43, y=25 cx=1963 used @[0000]
00 00 00 00 00 00 00 00 00 00 00 00 00 00 00 00 number of ASCII=0197, x=44, y=25 cx=1964 used @[0000]
00 00 00 00 00 00 00 00 00 00 00 00 00 00 00 00 number of ASCII=0197, x=45, y=25 cx=1965 used @[0000]
00 00 00 00 00 00 00 00 00 00 00 00 00 00 00 00 number of ASCII=0197, x=46, y=25 cx=1966 used @[0000]
00 00 00 00 00 00 00 00 00 00 00 00 00 00 00 00 number of ASCII=0197, x=47, y=25 cx=1967 used @[0000]
00 00 00 00 00 00 00 00 00 00 00 00 00 00 00 00 number of ASCII=0197, x=48, y=25 cx=1968 used @[0000]
00 00 00 00 00 00 00 00 00 00 00 00 00 00 00 00 number of ASCII=0197, x=49, y=25 cx=1969 used @[0000]
00 00 00 00 00 00 00 00 00 00 00 00 00 00 00 00 number of ASCII=0197, x=50, y=25 cx=1970 used @[0000]
00 00 00 00 00 00 00 00 00 00 00 00 00 00 00 00 number of ASCII=0197, x=51, y=25 cx=1971 used @[0000]
00 00 00 00 00 00 00 00 00 00 00 00 00 00 00 00 number of ASCII=0197, x=52, y=25 cx=1972 used @[0000]
00 00 00 00 00 00 00 00 00 00 00 00 00 00 00 00 number of ASCII=0197, x=53, y=25 cx=1973 used @[0000]
00 00 00 00 00 00 00 00 00 00 00 00 00 00 00 00 number of ASCII=0197, x=54, y=25 cx=1974 used @[0000]
00 00 00 00 00 00 00 00 00 00 00 00 00 00 00 00 number of ASCII=0197, x=55, y=25 cx=1975 used @[0000]
00 00 00 00 00 00 00 00 00 00 00 00 00 00 00 00 number of ASCII=0197, x=56, y=25 cx=1976 used @[0000]
00 00 00 00 00 00 00 00 00 00 00 00 00 00 00 00 number of ASCII=0197, x=57, y=25 cx=1977 used @[0000]
00 00 00 00 00 00 00 00 00 00 00 00 00 00 00 00 number of ASCII=0197, x=58, y=25 cx=1978 used @[0000]
00 00 00 00 00 00 00 00 00 00 00 00 00 00 00 00 number of ASCII=0197, x=59, y=25 cx=1979 used @[0000]
00 00 00 00 00 00 00 00 00 00 00 00 00 00 00 00 number of ASCII=0197, x=60, y=25 cx=1980 used @[0000]
00 00 00 00 00 00 00 00 00 00 00 00 00 00 00 00 number of ASCII=0197, x=61, y=25 cx=1981 used @[0000]
00 00 00 00 00 00 00 00 00 00 00 00 00 00 00 00 number of ASCII=0197, x=62, y=25 cx=1982 used @[0000]
00 00 00 00 00 00 00 00 00 00 00 00 00 00 00 00 number of ASCII=0197, x=63, y=25 cx=1983 used @[0000]
00 00 00 00 00 00 00 00 00 00 00 00 00 00 00 00 number of ASCII=0197, x=64, y=25 cx=1984 used @[0000]
00 00 00 00 00 00 00 00 00 00 00 00 00 00 00 00 number of ASCII=0197, x=65, y=25 cx=1985 used @[0000]
00 00 00 00 00 00 00 00 00 00 00 00 00 00 00 00 number of ASCII=0197, x=66, y=25 cx=1986 used @[0000]
00 00 00 00 00 00 00 00 00 00 00 00 00 00 00 00 number of ASCII=0197, x=67, y=25 cx=1987 used @[0000]
00 00 00 00 00 00 00 00 00 00 00 00 00 00 00 00 number of ASCII=0197, x=68, y=25 cx=1988 used @[0000]
00 00 00 00 00 00 00 00 00 00 00 00 00 00 00 00 number of ASCII=0197, x=69, y=25 cx=1989 used @[0000]
00 00 00 00 00 00 00 00 00 00 00 00 00 00 00 00 number of ASCII=0197, x=70, y=25 cx=1990 used @[0000]
00 00 00 00 00 00 00 00 00 00 00 00 00 00 00 00 number of ASCII=0197, x=71, y=25 cx=1991 used @[0000]
00 00 00 00 00 00 00 00 00 00 00 00 00 00 00 00 number of ASCII=0197, x=72, y=25 cx=1992 used @[0000]
00 00 00 00 00 00 00 00 00 00 00 00 00 00 00 00 number of ASCII=0197, x=73, y=25 cx=1993 used @[0000]
00 00 00 00 00 00 00 00 00 00 00 00 00 00 00 00 number of ASCII=0197, x=74, y=25 cx=1994 used @[0000]
00 00 00 00 00 00 00 00 00 00 00 00 00 00 00 00 number of ASCII=0197, x=75, y=25 cx=1995 used @[0000]
00 00 00 00 00 00 00 00 00 00 00 00 00 00 00 00 number of ASCII=0197, x=76, y=25 cx=1996 used @[0000]
00 00 00 00 00 00 00 00 00 00 00 00 00 00 00 00 number of ASCII=0197, x=77, y=25 cx=1997 used @[0000]
00 00 00 00 00 00 00 00 00 00 00 00 00 00 00 00 number of ASCII=0197, x=78, y=25 cx=1998 used @[0000]
00 00 00 00 00 00 00 00 00 00 00 00 00 00 00 00 number of ASCII=0197, x=79, y=25 cx=1999 used @[0000]
00 00 00 00 00 00 00 00 00 00 00 00 00 00 00 00 number of ASCII=0197, x=80, y=25 cx=2000 used @[0000]